order,korean,unicode,sjis_code,replaced_kanji,glyph_index,byte_offset
0,가,U+AC00,0x989F,弌,6110,0x4CB70
1,각,U+AC01,0x98A2,个,6113,0x4CC1C
2,간,U+AC04,0x98A5,丼,6116,0x4CCAC
3,갇,U+AC07,0x98AA,亂,6121,0x4CDB8
4,갈,U+AC08,0x98AD,亊,6124,0x4CE40
5,갉,U+AC09,0x98AE,舒,6125,0x4CE7C
6,갊,U+AC0A,0x98B0,于,6127,0x4CEF0
7,감,U+AC10,0x98B1,亞,6128,0x4CF2C
8,갑,U+AC11,0x98B4,亢,6131,0x4CFD8
9,값,U+AC12,0x98B6,亳,6133,0x4D04C
10,갓,U+AC13,0x98B7,亶,6134,0x4D088
11,갔,U+AC14,0x98B8,从,6135,0x4D0C4
12,강,U+AC15,0x98BB,仆,6138,0x4D170
13,갖,U+AC16,0x98C0,仟,6143,0x4D28C
14,갗,U+AC17,0x98C1,价,6144,0x4D2C8
15,같,U+AC19,0x98C2,伉,6145,0x4D304
16,갚,U+AC1A,0x98C3,佚,6146,0x4D340
17,갛,U+AC1B,0x98C4,估,6147,0x4D37C
18,개,U+AC1C,0x98C5,佛,6148,0x4D3B8
19,객,U+AC1D,0x98C7,佗,6150,0x4D42C
20,갠,U+AC20,0x98C8,佇,6151,0x4D468
21,갤,U+AC24,0x98C9,佶,6152,0x4D4A4
22,갬,U+AC2C,0x98CA,侈,6153,0x4D4E0
23,갭,U+AC2D,0x98CB,侏,6154,0x4D51C
24,갯,U+AC2F,0x98CC,侘,6155,0x4D558
25,갰,U+AC30,0x98CD,佻,6156,0x4D594
26,갱,U+AC31,0x98CE,佩,6157,0x4D5D0
27,갸,U+AC38,0x98CF,佰,6158,0x4D60C
28,갹,U+AC39,0x98D0,侑,6159,0x4D648
29,갼,U+AC3C,0x98D1,佯,6160,0x4D684
30,걀,U+AC40,0x98D3,侖,6162,0x4D6F8
31,걋,U+AC4B,0x98D4,儘,6163,0x4D734
32,걍,U+AC4D,0x98D5,俔,6164,0x4D770
33,걔,U+AC54,0x98D7,俎,6166,0x4D7E4
34,걘,U+AC58,0x98D8,俘,6167,0x4D820
35,걜,U+AC5C,0x98D9,俛,6168,0x4D85C
36,거,U+AC70,0x98DB,俚,6170,0x4D8D0
37,걱,U+AC71,0x98DD,俤,6172,0x4D944
38,건,U+AC74,0x98DE,俥,6173,0x4D980
39,걷,U+AC77,0x98DF,倚,6174,0x4D9BC
40,걸,U+AC78,0x98E0,倨,6175,0x4D9F8
41,걺,U+AC7A,0x98E2,倪,6177,0x4DA6C
42,검,U+AC80,0x98E3,倥,6178,0x4DAA8
43,겁,U+AC81,0x98E4,倅,6179,0x4DAE4
44,것,U+AC83,0x98E5,伜,6180,0x4DB20
45,겄,U+AC84,0x98E8,倩,6183,0x4DBCC
46,겅,U+AC85,0x98E9,倬,6184,0x4DC08
47,겆,U+AC86,0x98EA,俾,6185,0x4DC44
48,겉,U+AC89,0x98EB,俯,6186,0x4DC80
49,겊,U+AC8A,0x98ED,倆,6188,0x4DCF4
50,겋,U+AC8B,0x98EE,偃,6189,0x4DD30
51,게,U+AC8C,0x98F0,會,6191,0x4DDA4
52,겐,U+AC90,0x98F1,偕,6192,0x4DDE0
53,겔,U+AC94,0x98F2,偐,6193,0x4DE1C
54,겜,U+AC9C,0x98F4,做,6195,0x4DE90
55,겝,U+AC9D,0x98F5,偖,6196,0x4DECC
56,겟,U+AC9F,0x98F6,偬,6197,0x4DF08
57,겠,U+ACA0,0x98F7,偸,6198,0x4DF44
58,겡,U+ACA1,0x98F9,傚,6200,0x4DFB8
59,겨,U+ACA8,0x98FA,傅,6201,0x4DFF4
60,격,U+ACA9,0x98FB,傴,6202,0x4E030
61,겪,U+ACAA,0x98FC,傲,6203,0x4E06C
62,견,U+ACAC,0x9940,僉,6271,0x4E5DC
63,겯,U+ACAF,0x9941,僊,6272,0x4E618
64,결,U+ACB0,0x9942,傳,6273,0x4E654
65,겸,U+ACB8,0x9943,僂,6274,0x4E690
66,겹,U+ACB9,0x9944,僖,6275,0x4E6CC
67,겻,U+ACBB,0x9946,僥,6277,0x4E740
68,겼,U+ACBC,0x9947,僭,6278,0x4E77C
69,경,U+ACBD,0x9948,僣,6279,0x4E7B8
70,곁,U+ACC1,0x9949,僮,6280,0x4E7F4
71,계,U+ACC4,0x994A,價,6281,0x4E830
72,곈,U+ACC8,0x994B,僵,6282,0x4E86C
73,곌,U+ACCC,0x994D,儁,6284,0x4E8E0
74,곕,U+ACD5,0x994F,儖,6286,0x4E954
75,곗,U+ACD7,0x9950,儕,6287,0x4E990
76,고,U+ACE0,0x9951,儔,6288,0x4E9CC
77,곡,U+ACE1,0x9952,儚,6289,0x4EA08
78,곤,U+ACE4,0x9954,儺,6291,0x4EA7C
79,곧,U+ACE7,0x9955,儷,6292,0x4EAB8
80,골,U+ACE8,0x9956,儼,6293,0x4EAF4
81,곪,U+ACEA,0x9957,儻,6294,0x4EB30
82,곬,U+ACEC,0x9958,儿,6295,0x4EB6C
83,곯,U+ACEF,0x9959,兀,6296,0x4EBA8
84,곰,U+ACF0,0x995A,兒,6297,0x4EBE4
85,곱,U+ACF1,0x995B,兌,6298,0x4EC20
86,곳,U+ACF3,0x995C,兔,6299,0x4EC5C
87,공,U+ACF5,0x995D,兢,6300,0x4EC98
88,곶,U+ACF6,0x995E,竸,6301,0x4ECD4
89,과,U+ACFC,0x995F,兩,6302,0x4ED10
90,곽,U+ACFD,0x9961,兮,6304,0x4ED84
91,관,U+AD00,0x9965,册,6308,0x4EE68
92,괄,U+AD04,0x9966,冉,6309,0x4EEA4
93,괆,U+AD06,0x9969,冓,6312,0x4EF50
94,괌,U+AD0C,0x996B,冖,6314,0x4EFC4
95,괍,U+AD0D,0x996C,冤,6315,0x4F000
96,괏,U+AD0F,0x996D,冦,6316,0x4F03C
97,광,U+AD11,0x9970,冪,6319,0x4F0E8
98,괘,U+AD18,0x9973,冱,6322,0x4F178
99,괜,U+AD1C,0x9976,况,6325,0x4F224
100,괠,U+AD20,0x997A,凛,6329,0x4F308
101,괩,U+AD29,0x997B,几,6330,0x4F344
102,괬,U+AD2C,0x997D,凩,6332,0x4F3B8
103,괭,U+AD2D,0x997E,凭,6333,0x4F3F4
104,괴,U+AD34,0x9980,凰,6335,0x4F444
105,괵,U+AD35,0x998C,剏,6347,0x4F6E8
106,괸,U+AD38,0x998E,剋,6349,0x4F75C
107,괼,U+AD3C,0x9994,剩,6355,0x4F8B0
108,굄,U+AD44,0x9999,劔,6360,0x4F9CC
109,굅,U+AD45,0x999B,剱,6362,0x4FA40
110,굇,U+AD47,0x999C,劈,6363,0x4FA7C
111,굉,U+AD49,0x999E,辨,6365,0x4FAF0
112,교,U+AD50,0x999F,辧,6366,0x4FB2C
113,굔,U+AD54,0x99AA,飭,6377,0x4FD98
114,굘,U+AD58,0x99B5,匏,6388,0x50004
115,굡,U+AD61,0x99BE,卆,6397,0x501F8
116,굣,U+AD63,0x99C0,丗,6399,0x5026C
117,구,U+AD6C,0x99C1,卉,6400,0x502A8
118,국,U+AD6D,0x99C6,卮,6405,0x503B4
119,군,U+AD70,0x99CB,厖,6410,0x504D0
120,굳,U+AD73,0x99CC,厠,6411,0x5050C
121,굴,U+AD74,0x99CE,厥,6413,0x50580
122,굵,U+AD75,0x99D0,厰,6415,0x505F4
123,굶,U+AD76,0x99D1,厶,6416,0x50630
124,굻,U+AD7B,0x99D8,叮,6423,0x507BC
125,굼,U+AD7C,0x99DA,叭,6425,0x50830
126,굽,U+AD7D,0x99DB,叺,6426,0x5086C
127,굿,U+AD7F,0x99DC,吁,6427,0x508A8
128,궁,U+AD81,0x99DD,吽,6428,0x508E4
129,궂,U+AD82,0x99DE,呀,6429,0x50920
130,궈,U+AD88,0x99DF,听,6430,0x5095C
131,궉,U+AD89,0x99E0,吭,6431,0x50998
132,권,U+AD8C,0x99E1,吼,6432,0x509D4
133,궐,U+AD90,0x99E2,吮,6433,0x50A10
134,궜,U+AD9C,0x99E4,吩,6435,0x50A84
135,궝,U+AD9D,0x99E5,吝,6436,0x50AC0
136,궤,U+ADA4,0x99E8,呵,6439,0x50B6C
137,궷,U+ADB7,0x99E9,咎,6440,0x50BA8
138,귀,U+ADC0,0x99EA,呟,6441,0x50BE4
139,귁,U+ADC1,0x99ED,呰,6444,0x50C90
140,귄,U+ADC4,0x99EE,咒,6445,0x50CCC
141,귈,U+ADC8,0x99F0,咀,6447,0x50D40
142,귐,U+ADD0,0x99F3,咐,6450,0x50DEC
143,귑,U+ADD1,0x99F4,咆,6451,0x50E28
144,귓,U+ADD3,0x99F5,哇,6452,0x50E64
145,규,U+ADDC,0x99F7,咸,6454,0x50ED8
146,균,U+ADE0,0x99F8,咥,6455,0x50F14
147,귤,U+ADE4,0x99F9,咬,6456,0x50F50
148,그,U+ADF8,0x99FA,哄,6457,0x50F8C
149,극,U+ADF9,0x9A41,哂,6528,0x515A4
150,근,U+ADFC,0x9A42,咤,6529,0x515E0
151,귿,U+ADFF,0x9A43,咾,6530,0x5161C
152,글,U+AE00,0x9A45,哘,6532,0x51690
153,긁,U+AE01,0x9A46,哥,6533,0x516CC
154,금,U+AE08,0x9A47,哦,6534,0x51708
155,급,U+AE09,0x9A48,唏,6535,0x51744
156,긋,U+AE0B,0x9A49,唔,6536,0x51780
157,긍,U+AE0D,0x9A4A,哽,6537,0x517BC
158,긔,U+AE14,0x9A4B,哮,6538,0x517F8
159,기,U+AE30,0x9A4C,哭,6539,0x51834
160,긱,U+AE31,0x9A4D,哺,6540,0x51870
161,긴,U+AE34,0x9A4E,哢,6541,0x518AC
162,긷,U+AE37,0x9A4F,唹,6542,0x518E8
163,길,U+AE38,0x9A50,啀,6543,0x51924
164,긺,U+AE3A,0x9A52,啌,6545,0x51998
165,김,U+AE40,0x9A55,啅,6548,0x51A44
166,깁,U+AE41,0x9A58,唸,6551,0x51AF0
167,깃,U+AE43,0x9A5B,喙,6554,0x51B9C
168,깅,U+AE45,0x9A5E,喊,6557,0x51C48
169,깆,U+AE46,0x9A5F,喟,6558,0x51C84
170,깊,U+AE4A,0x9A61,啾,6560,0x51CF8
171,까,U+AE4C,0x9A62,喘,6561,0x51D34
172,깍,U+AE4D,0x9A63,喞,6562,0x51D70
173,깎,U+AE4E,0x9A64,單,6563,0x51DAC
174,깐,U+AE50,0x9A65,啼,6564,0x51DE8
175,깔,U+AE54,0x9A66,喃,6565,0x51E24
176,깖,U+AE56,0x9A67,喩,6566,0x51E60
177,깜,U+AE5C,0x9A69,喨,6568,0x51ED4
178,깝,U+AE5D,0x9A6A,嗚,6569,0x51F10
179,깟,U+AE5F,0x9A6B,嗅,6570,0x51F4C
180,깠,U+AE60,0x9A6C,嗟,6571,0x51F88
181,깡,U+AE61,0x9A6D,嗄,6572,0x51FC4
182,깥,U+AE65,0x9A6E,嗜,6573,0x52000
183,깨,U+AE68,0x9A6F,嗤,6574,0x5203C
184,깩,U+AE69,0x9A70,嗔,6575,0x52078
185,깬,U+AE6C,0x9A71,嘔,6576,0x520B4
186,깰,U+AE70,0x9A72,嗷,6577,0x520F0
187,깸,U+AE78,0x9A73,嘖,6578,0x5212C
188,깹,U+AE79,0x9A75,嗽,6580,0x521A0
189,깻,U+AE7B,0x9A76,嘛,6581,0x521DC
190,깼,U+AE7C,0x9A77,嗹,6582,0x52218
191,깽,U+AE7D,0x9A78,噎,6583,0x52254
192,꺄,U+AE84,0x9A7B,嘴,6586,0x52300
193,꺅,U+AE85,0x9A7C,嘶,6587,0x5233C
194,꺌,U+AE8C,0x9A7E,嘸,6589,0x523B0
195,꺼,U+AEBC,0x9A82,嘯,6593,0x52470
196,꺽,U+AEBD,0x9A83,噬,6594,0x524AC
197,꺾,U+AEBE,0x9A84,噪,6595,0x524E8
198,껀,U+AEC0,0x9A85,嚆,6596,0x52524
199,껄,U+AEC4,0x9A86,嚀,6597,0x52560
200,껌,U+AECC,0x9A87,嚊,6598,0x5259C
201,껍,U+AECD,0x9A89,嚔,6600,0x52610
202,껏,U+AECF,0x9A8A,嚏,6601,0x5264C
203,껐,U+AED0,0x9A8B,嚥,6602,0x52688
204,껑,U+AED1,0x9A8C,嚮,6603,0x526C4
205,께,U+AED8,0x9A8D,嚶,6604,0x52700
206,껙,U+AED9,0x9A90,嚼,6607,0x527AC
207,껜,U+AEDC,0x9A91,囁,6608,0x527E8
208,껨,U+AEE8,0x9A92,囃,6609,0x52824
209,껫,U+AEEB,0x9A93,囀,6610,0x52860
210,껭,U+AEED,0x9A94,囈,6611,0x5289C
211,껴,U+AEF4,0x9A96,囑,6613,0x52910
212,껸,U+AEF8,0x9A97,囓,6614,0x5294C
213,껼,U+AEFC,0x9AA5,嗇,6628,0x52C60
214,꼇,U+AF07,0x9AA7,圦,6630,0x52CD4
215,꼈,U+AF08,0x9AA8,圷,6631,0x52D10
216,꼍,U+AF0D,0x9AAB,圻,6634,0x52DBC
217,꼐,U+AF10,0x9AAC,址,6635,0x52DF8
218,꼬,U+AF2C,0x9AAE,坩,6637,0x52E6C
219,꼭,U+AF2D,0x9AAF,埀,6638,0x52EA8
220,꼰,U+AF30,0x9AB0,垈,6639,0x52EE4
221,꼲,U+AF32,0x9AB2,坿,6641,0x52F58
222,꼴,U+AF34,0x9AB3,垉,6642,0x52F94
223,꼼,U+AF3C,0x9AB4,垓,6643,0x52FD0
224,꼽,U+AF3D,0x9AB6,垳,6645,0x53044
225,꼿,U+AF3F,0x9AB7,垤,6646,0x53080
226,꽁,U+AF41,0x9AB8,垪,6647,0x530BC
227,꽂,U+AF42,0x9AB9,垰,6648,0x530F8
228,꽃,U+AF43,0x9ABC,埔,6651,0x531A4
229,꽈,U+AF48,0x9ABD,埒,6652,0x531E0
230,꽉,U+AF49,0x9ABE,埓,6653,0x5321C
231,꽐,U+AF50,0x9ABF,堊,6654,0x53258
232,꽜,U+AF5C,0x9AC0,埖,6655,0x53294
233,꽝,U+AF5D,0x9AC1,埣,6656,0x532D0
234,꽤,U+AF64,0x9AC3,堙,6658,0x53344
235,꽥,U+AF65,0x9AC5,塲,6660,0x533B8
236,꽹,U+AF79,0x9AC6,堡,6661,0x533F4
237,꾀,U+AF80,0x9AC7,塢,6662,0x53430
238,꾄,U+AF84,0x9AC8,塋,6663,0x5346C
239,꾈,U+AF88,0x9AC9,塰,6664,0x534A8
240,꾐,U+AF90,0x9ACA,毀,6665,0x534E4
241,꾑,U+AF91,0x9ACB,塒,6666,0x53520
242,꾕,U+AF95,0x9ACC,堽,6667,0x5355C
243,꾜,U+AF9C,0x9ACD,塹,6668,0x53598
244,꾸,U+AFB8,0x9ACE,墅,6669,0x535D4
245,꾹,U+AFB9,0x9AD0,墟,6671,0x53648
246,꾼,U+AFBC,0x9AD1,墫,6672,0x53684
247,꿀,U+AFC0,0x9AD4,墻,6675,0x53730
248,꿇,U+AFC7,0x9AD5,墸,6676,0x5376C
249,꿈,U+AFC8,0x9AD6,墮,6677,0x537A8
250,꿉,U+AFC9,0x9AD7,壅,6678,0x537E4
251,꿋,U+AFCB,0x9AD9,壑,6680,0x53858
252,꿍,U+AFCD,0x9ADA,壗,6681,0x53894
253,꿎,U+AFCE,0x9ADB,壙,6682,0x538D0
254,꿔,U+AFD4,0x9ADD,壥,6684,0x53944
255,꿜,U+AFDC,0x9ADE,壜,6685,0x53980
256,꿨,U+AFE8,0x9ADF,壤,6686,0x539BC
257,꿩,U+AFE9,0x9AE1,壯,6688,0x53A30
258,꿰,U+AFF0,0x9AE2,壺,6689,0x53A6C
259,꿱,U+AFF1,0x9AE3,壹,6690,0x53AA8
260,꿴,U+AFF4,0x9AE4,壻,6691,0x53AE4
261,꿸,U+AFF8,0x9AE5,壼,6692,0x53B20
262,뀀,U+B000,0x9AE6,壽,6693,0x53B5C
263,뀁,U+B001,0x9AEA,夛,6697,0x53C40
264,뀄,U+B004,0x9AEC,夥,6699,0x53CB4
265,뀌,U+B00C,0x9AEF,夲,6702,0x53D60
266,뀐,U+B010,0x9AF0,夸,6703,0x53D9C
267,뀔,U+B014,0x9AF7,奘,6710,0x53F28
268,뀜,U+B01C,0x9AF9,奠,6712,0x53F9C
269,뀝,U+B01D,0x9AFB,奬,6714,0x54010
270,뀨,U+B028,0x9B40,奸,6783,0x545B8
271,끄,U+B044,0x9B42,妝,6785,0x5462C
272,끅,U+B045,0x9B43,佞,6786,0x54668
273,끈,U+B048,0x9B44,侫,6787,0x546A4
274,끊,U+B04A,0x9B45,妣,6788,0x546E0
275,끌,U+B04C,0x9B46,妲,6789,0x5471C
276,끎,U+B04E,0x9B47,姆,6790,0x54758
277,끓,U+B053,0x9B48,姨,6791,0x54794
278,끔,U+B054,0x9B49,姜,6792,0x547D0
279,끕,U+B055,0x9B4A,妍,6793,0x5480C
280,끗,U+B057,0x9B4B,姙,6794,0x54848
281,끙,U+B059,0x9B4C,姚,6795,0x54884
282,끝,U+B05D,0x9B4D,娥,6796,0x548C0
283,끼,U+B07C,0x9B4F,娑,6798,0x54934
284,끽,U+B07D,0x9B50,娜,6799,0x54970
285,낀,U+B080,0x9B51,娉,6800,0x549AC
286,낄,U+B084,0x9B53,婀,6802,0x54A20
287,낌,U+B08C,0x9B54,婬,6803,0x54A5C
288,낍,U+B08D,0x9B55,婉,6804,0x54A98
289,낏,U+B08F,0x9B56,娵,6805,0x54AD4
290,낑,U+B091,0x9B57,娶,6806,0x54B10
291,나,U+B098,0x9B58,婢,6807,0x54B4C
292,낙,U+B099,0x9B59,婪,6808,0x54B88
293,낚,U+B09A,0x9B5B,媼,6810,0x54BFC
294,난,U+B09C,0x9B5C,媾,6811,0x54C38
295,낟,U+B09F,0x9B5F,媽,6814,0x54CE4
296,날,U+B0A0,0x9B60,嫣,6815,0x54D20
297,낡,U+B0A1,0x9B61,嫗,6816,0x54D5C
298,낢,U+B0A2,0x9B63,嫩,6818,0x54DD0
299,남,U+B0A8,0x9B64,嫖,6819,0x54E0C
300,납,U+B0A9,0x9B68,嬋,6823,0x54EF0
301,낫,U+B0AB,0x9B69,嬖,6824,0x54F2C
302,났,U+B0AC,0x9B6A,嬲,6825,0x54F68
303,낭,U+B0AD,0x9B6B,嫐,6826,0x54FA4
304,낮,U+B0AE,0x9B6C,嬪,6827,0x54FE0
305,낯,U+B0AF,0x9B6D,嬶,6828,0x5501C
306,낱,U+B0B1,0x9B6E,嬾,6829,0x55058
307,낳,U+B0B3,0x9B6F,孃,6830,0x55094
308,내,U+B0B4,0x9B77,孩,6838,0x55258
309,낵,U+B0B5,0x9B78,孰,6839,0x55294
310,낸,U+B0B8,0x9B7A,孵,6841,0x55308
311,낼,U+B0BC,0x9B7B,學,6842,0x55344
312,냄,U+B0C4,0x9B7D,孺,6844,0x553B8
313,냅,U+B0C5,0x9B83,寃,6850,0x554E8
314,냇,U+B0C7,0x9B84,寇,6851,0x55524
315,냈,U+B0C8,0x9B91,尅,6864,0x55800
316,냉,U+B0C9,0x9B92,將,6865,0x5583C
317,냐,U+B0D0,0x9B93,專,6866,0x55878
318,냑,U+B0D1,0x9B94,對,6867,0x558B4
319,냔,U+B0D4,0x9B96,尠,6869,0x55928
320,냘,U+B0D8,0x9B97,尢,6870,0x55964
321,냠,U+B0E0,0x9B98,尨,6871,0x559A0
322,냥,U+B0E5,0x9B9B,屁,6874,0x55A4C
323,너,U+B108,0x9BA4,乢,6883,0x55C48
324,넉,U+B109,0x9BA6,屹,6885,0x55CBC
325,넋,U+B10B,0x9BAA,妛,6889,0x55DA0
326,넌,U+B10C,0x9BAC,岻,6891,0x55E14
327,널,U+B110,0x9BAE,岼,6893,0x55E88
328,넒,U+B112,0x9BAF,岷,6894,0x55EC4
329,넓,U+B113,0x9BB1,岾,6896,0x55F38
330,넘,U+B118,0x9BB2,峇,6897,0x55F74
331,넙,U+B119,0x9BB3,峙,6898,0x55FB0
332,넛,U+B11B,0x9BB4,峩,6899,0x55FEC
333,넜,U+B11C,0x9BB6,峺,6901,0x56060
334,넝,U+B11D,0x9BB8,嶌,6903,0x560D4
335,넣,U+B123,0x9BB9,峪,6904,0x56110
336,네,U+B124,0x9BBB,崕,6906,0x56184
337,넥,U+B125,0x9BC0,崑,6911,0x562A0
338,넨,U+B128,0x9BC2,崢,6913,0x56314
339,넬,U+B12C,0x9BC3,崚,6914,0x56350
340,넴,U+B134,0x9BC4,崙,6915,0x5638C
341,넵,U+B135,0x9BCD,嶇,6924,0x56588
342,넷,U+B137,0x9BCE,嶄,6925,0x565C4
343,넸,U+B138,0x9BCF,嶂,6926,0x56600
344,넹,U+B139,0x9BD0,嶢,6927,0x5663C
345,녀,U+B140,0x9BD2,嶬,6929,0x566B0
346,녁,U+B141,0x9BD7,嶼,6934,0x567CC
347,년,U+B144,0x9BD9,巍,6936,0x56840
348,녈,U+B148,0x9BDE,巫,6941,0x5695C
349,념,U+B150,0x9BDF,已,6942,0x56998
350,녑,U+B151,0x9BE0,巵,6943,0x569D4
351,녔,U+B154,0x9BE2,帚,6945,0x56A48
352,녕,U+B155,0x9BE3,帙,6946,0x56A84
353,녘,U+B158,0x9BE6,帶,6949,0x56B30
354,녜,U+B15C,0x9BE7,帷,6950,0x56B6C
355,녠,U+B160,0x9BE8,幄,6951,0x56BA8
356,노,U+B178,0x9BE9,幃,6952,0x56BE4
357,녹,U+B179,0x9BEB,幎,6954,0x56C58
358,논,U+B17C,0x9BEE,幟,6957,0x56D04
359,놀,U+B180,0x9BEF,幢,6958,0x56D40
360,놂,U+B182,0x9BF0,幤,6959,0x56D7C
361,놈,U+B188,0x9BF1,幇,6960,0x56DB8
362,놉,U+B189,0x9BF2,幵,6961,0x56DF4
363,놋,U+B18B,0x9BF5,麼,6964,0x56EA0
364,농,U+B18D,0x9BFB,廐,6970,0x56FF4
365,높,U+B192,0x9BFC,廏,6971,0x57030
366,놓,U+B193,0x9C40,廖,7039,0x575A0
367,놔,U+B194,0x9C41,廣,7040,0x575DC
368,놘,U+B198,0x9C43,廚,7042,0x57650
369,놜,U+B19C,0x9C44,廛,7043,0x5768C
370,놨,U+B1A8,0x9C46,廡,7045,0x57700
371,뇌,U+B1CC,0x9C47,廨,7046,0x5773C
372,뇐,U+B1D0,0x9C48,廩,7047,0x57778
373,뇔,U+B1D4,0x9C49,廬,7048,0x577B4
374,뇜,U+B1DC,0x9C4A,廱,7049,0x577F0
375,뇝,U+B1DD,0x9C4B,廳,7050,0x5782C
376,뇟,U+B1DF,0x9C4C,廰,7051,0x57868
377,뇨,U+B1E8,0x9C4D,廴,7052,0x578A4
378,뇩,U+B1E9,0x9C4F,廾,7054,0x57918
379,뇬,U+B1EC,0x9C54,弋,7059,0x57A34
380,뇰,U+B1F0,0x9C55,弑,7060,0x57A70
381,뇹,U+B1F9,0x9C56,弖,7061,0x57AAC
382,뇻,U+B1FB,0x9C58,弭,7063,0x57B20
383,뇽,U+B1FD,0x9C5A,彁,7065,0x57B94
384,누,U+B204,0x9C5B,彈,7066,0x57BD0
385,눅,U+B205,0x9C61,彗,7072,0x57D24
386,눈,U+B208,0x9C66,彷,7077,0x57E30
387,눋,U+B20B,0x9C67,徃,7078,0x57E6C
388,눌,U+B20C,0x9C68,徂,7079,0x57EA8
389,눔,U+B214,0x9C6C,徑,7083,0x57F8C
390,눕,U+B215,0x9C6E,從,7085,0x58000
391,눗,U+B217,0x9C6F,徙,7086,0x5803C
392,눙,U+B219,0x9C70,徘,7087,0x58078
393,눠,U+B220,0x9C71,徠,7088,0x580B4
394,눴,U+B234,0x9C72,徨,7089,0x580F0
395,눼,U+B23C,0x9C73,徭,7090,0x5812C
396,뉘,U+B258,0x9C74,徼,7091,0x58168
397,뉜,U+B25C,0x9C75,忖,7092,0x581A4
398,뉠,U+B260,0x9C76,忻,7093,0x581E0
399,뉨,U+B268,0x9C77,忤,7094,0x5821C
400,뉩,U+B269,0x9C78,忸,7095,0x58258
401,뉴,U+B274,0x9C79,忱,7096,0x58294
402,뉵,U+B275,0x9C7C,忿,7099,0x58340
403,뉼,U+B27C,0x9C7E,恠,7101,0x583B4
404,늄,U+B284,0x9C80,怙,7103,0x58404
405,늅,U+B285,0x9C82,怩,7105,0x58478
406,늉,U+B289,0x9C85,怛,7108,0x58524
407,느,U+B290,0x9C87,怫,7110,0x58598
408,늑,U+B291,0x9C88,怦,7111,0x585D4
409,는,U+B294,0x9C89,怏,7112,0x58610
410,늘,U+B298,0x9C8A,怺,7113,0x5864C
411,늙,U+B299,0x9C8C,恁,7115,0x586C0
412,늚,U+B29A,0x9C8D,恪,7116,0x586FC
413,늠,U+B2A0,0x9C90,恊,7119,0x587A8
414,늡,U+B2A1,0x9C91,恆,7120,0x587E4
415,늣,U+B2A3,0x9C92,恍,7121,0x58820
416,능,U+B2A5,0x9C94,恃,7123,0x58894
417,늦,U+B2A6,0x9C95,恤,7124,0x588D0
418,늪,U+B2AA,0x9C97,恬,7126,0x58944
419,늬,U+B2AC,0x9C9B,悍,7130,0x58A28
420,늰,U+B2B0,0x9C9C,惧,7131,0x58A64
421,늴,U+B2B4,0x9CA0,悛,7135,0x58B48
422,니,U+B2C8,0x9CA1,悖,7136,0x58B84
423,닉,U+B2C9,0x9CA2,悗,7137,0x58BC0
424,닌,U+B2CC,0x9CA3,悒,7138,0x58BFC
425,닐,U+B2D0,0x9CA5,悋,7140,0x58C70
426,닒,U+B2D2,0x9CA6,惡,7141,0x58CAC
427,님,U+B2D8,0x9CA8,惠,7143,0x58D20
428,닙,U+B2D9,0x9CA9,惓,7144,0x58D5C
429,닛,U+B2DB,0x9CAA,悴,7145,0x58D98
430,닝,U+B2DD,0x9CAB,忰,7146,0x58DD4
431,닢,U+B2E2,0x9CAC,悽,7147,0x58E10
432,다,U+B2E4,0x9CB0,慍,7151,0x58EF4
433,닥,U+B2E5,0x9CB1,愕,7152,0x58F30
434,닦,U+B2E6,0x9CB3,惶,7154,0x58FA4
435,단,U+B2E8,0x9CB5,愀,7156,0x59018
436,닫,U+B2EB,0x9CB6,惴,7157,0x59054
437,달,U+B2EC,0x9CB7,惺,7158,0x59090
438,닭,U+B2ED,0x9CB8,愃,7159,0x590CC
439,닮,U+B2EE,0x9CB9,愡,7160,0x59108
440,닯,U+B2EF,0x9CBD,愎,7164,0x591EC
441,닳,U+B2F3,0x9CBE,慇,7165,0x59228
442,담,U+B2F4,0x9CBF,愾,7166,0x59264
443,답,U+B2F5,0x9CC0,愨,7167,0x592A0
444,닷,U+B2F7,0x9CC1,愧,7168,0x592DC
445,닸,U+B2F8,0x9CC2,慊,7169,0x59318
446,당,U+B2F9,0x9CC4,愼,7171,0x5938C
447,닺,U+B2FA,0x9CC7,愽,7174,0x59438
448,닻,U+B2FB,0x9CC9,慄,7176,0x594AC
449,닿,U+B2FF,0x9CCA,慳,7177,0x594E8
450,대,U+B300,0x9CCB,慷,7178,0x59524
451,댁,U+B301,0x9CCE,慚,7181,0x595D0
452,댄,U+B304,0x9CCF,慫,7182,0x5960C
453,댈,U+B308,0x9CD1,慯,7184,0x59680
454,댐,U+B310,0x9CD2,慥,7185,0x596BC
455,댑,U+B311,0x9CD3,慱,7186,0x596F8
456,댓,U+B313,0x9CD6,慓,7189,0x597A4
457,댔,U+B314,0x9CD7,慵,7190,0x597E0
458,댕,U+B315,0x9CD8,憙,7191,0x5981C
459,댜,U+B31C,0x9CDB,憬,7194,0x598C8
460,더,U+B354,0x9CDC,憔,7195,0x59904
461,덕,U+B355,0x9CDD,憚,7196,0x59940
462,덖,U+B356,0x9CE1,憮,7200,0x59A24
463,던,U+B358,0x9CE2,懌,7201,0x59A60
464,덛,U+B35B,0x9CE6,懈,7205,0x59B44
465,덜,U+B35C,0x9CEC,懍,7211,0x59C98
466,덞,U+B35E,0x9CED,懦,7212,0x59CD4
467,덟,U+B35F,0x9CEF,懶,7214,0x59D48
468,덤,U+B364,0x9CF0,懺,7215,0x59D84
469,덥,U+B365,0x9CF1,懴,7216,0x59DC0
470,덧,U+B367,0x9CF2,懿,7217,0x59DFC
471,덩,U+B369,0x9CF3,懽,7218,0x59E38
472,덫,U+B36B,0x9CF4,懼,7219,0x59E74
473,덮,U+B36E,0x9CF5,懾,7220,0x59EB0
474,데,U+B370,0x9CF6,戀,7221,0x59EEC
475,덱,U+B371,0x9CF7,戈,7222,0x59F28
476,덴,U+B374,0x9CF9,戍,7224,0x59F9C
477,델,U+B378,0x9CFA,戌,7225,0x59FD8
478,뎀,U+B380,0x9CFB,戔,7226,0x5A014
479,뎁,U+B381,0x9CFC,戛,7227,0x5A050
480,뎃,U+B383,0x9D40,戞,7295,0x5A5C0
481,뎄,U+B384,0x9D41,戡,7296,0x5A5FC
482,뎅,U+B385,0x9D42,截,7297,0x5A638
483,뎌,U+B38C,0x9D43,戮,7298,0x5A674
484,뎐,U+B390,0x9D44,戰,7299,0x5A6B0
485,뎔,U+B394,0x9D45,戲,7300,0x5A6EC
486,뎠,U+B3A0,0x9D46,戳,7301,0x5A728
487,뎡,U+B3A1,0x9D48,扎,7303,0x5A79C
488,뎨,U+B3A8,0x9D49,扞,7304,0x5A7D8
489,뎬,U+B3AC,0x9D4B,扛,7306,0x5A84C
490,도,U+B3C4,0x9D4E,扼,7309,0x5A8F8
491,독,U+B3C5,0x9D4F,抂,7310,0x5A934
492,돈,U+B3C8,0x9D51,找,7312,0x5A9A8
493,돋,U+B3CB,0x9D52,抒,7313,0x5A9E4
494,돌,U+B3CC,0x9D53,抓,7314,0x5AA20
495,돎,U+B3CE,0x9D54,抖,7315,0x5AA5C
496,돐,U+B3D0,0x9D56,抃,7317,0x5AAD0
497,돔,U+B3D4,0x9D59,拑,7320,0x5AB7C
498,돕,U+B3D5,0x9D5B,拏,7322,0x5ABF0
499,돗,U+B3D7,0x9D5C,拿,7323,0x5AC2C
500,동,U+B3D9,0x9D5E,擔,7325,0x5ACA0
501,돛,U+B3DB,0x9D5F,拈,7326,0x5ACDC
502,돝,U+B3DD,0x9D60,拜,7327,0x5AD18
503,돠,U+B3E0,0x9D61,拌,7328,0x5AD54
504,돤,U+B3E4,0x9D62,拊,7329,0x5AD90
505,돨,U+B3E8,0x9D64,拇,7331,0x5AE04
506,돼,U+B3FC,0x9D65,抛,7332,0x5AE40
507,됐,U+B410,0x9D66,拉,7333,0x5AE7C
508,되,U+B418,0x9D68,拮,7335,0x5AEF0
509,된,U+B41C,0x9D69,拱,7336,0x5AF2C
510,될,U+B420,0x9D6B,挂,7338,0x5AFA0
511,됨,U+B428,0x9D6C,挈,7339,0x5AFDC
512,됩,U+B429,0x9D6D,拯,7340,0x5B018
513,됫,U+B42B,0x9D6E,拵,7341,0x5B054
514,됴,U+B434,0x9D71,捍,7344,0x5B100
515,두,U+B450,0x9D73,捏,7346,0x5B174
516,둑,U+B451,0x9D74,掖,7347,0x5B1B0
517,둔,U+B454,0x9D75,掎,7348,0x5B1EC
518,둘,U+B458,0x9D77,掫,7350,0x5B260
519,둠,U+B460,0x9D78,捶,7351,0x5B29C
520,둡,U+B461,0x9D79,掣,7352,0x5B2D8
521,둣,U+B463,0x9D7B,掉,7354,0x5B34C
522,둥,U+B465,0x9D81,掾,7360,0x5B47C
523,둬,U+B46C,0x9D82,揩,7361,0x5B4B8
524,뒀,U+B480,0x9D84,揆,7363,0x5B52C
525,뒈,U+B488,0x9D85,揣,7364,0x5B568
526,뒝,U+B49D,0x9D86,揉,7365,0x5B5A4
527,뒤,U+B4A4,0x9D87,插,7366,0x5B5E0
528,뒨,U+B4A8,0x9D88,揶,7367,0x5B61C
529,뒬,U+B4AC,0x9D89,揄,7368,0x5B658
530,뒵,U+B4B5,0x9D8A,搖,7369,0x5B694
531,뒷,U+B4B7,0x9D8C,搆,7371,0x5B708
532,뒹,U+B4B9,0x9D8D,搓,7372,0x5B744
533,듀,U+B4C0,0x9D8F,搶,7374,0x5B7B8
534,듄,U+B4C4,0x9D90,攝,7375,0x5B7F4
535,듈,U+B4C8,0x9D91,搗,7376,0x5B830
536,듐,U+B4D0,0x9D93,搏,7378,0x5B8A4
537,듕,U+B4D5,0x9D94,摧,7379,0x5B8E0
538,드,U+B4DC,0x9D95,摯,7380,0x5B91C
539,득,U+B4DD,0x9D96,摶,7381,0x5B958
540,든,U+B4E0,0x9D98,攪,7383,0x5B9CC
541,듣,U+B4E3,0x9D99,撕,7384,0x5BA08
542,들,U+B4E4,0x9D9A,撓,7385,0x5BA44
543,듦,U+B4E6,0x9D9B,撥,7386,0x5BA80
544,듬,U+B4EC,0x9D9E,撼,7389,0x5BB2C
545,듭,U+B4ED,0x9DA1,擅,7392,0x5BBD8
546,듯,U+B4EF,0x9DA2,擇,7393,0x5BC14
547,등,U+B4F1,0x9DA3,撻,7394,0x5BC50
548,듸,U+B4F8,0x9DA4,擘,7395,0x5BC8C
549,디,U+B514,0x9DA5,擂,7396,0x5BCC8
550,딕,U+B515,0x9DA8,舉,7399,0x5BD74
551,딘,U+B518,0x9DAA,擡,7401,0x5BDE8
552,딛,U+B51B,0x9DAC,擣,7403,0x5BE5C
553,딜,U+B51C,0x9DAE,攬,7405,0x5BED0
554,딤,U+B524,0x9DAF,擶,7406,0x5BF0C
555,딥,U+B525,0x9DB0,擴,7407,0x5BF48
556,딧,U+B527,0x9DB1,擲,7408,0x5BF84
557,딨,U+B528,0x9DB2,擺,7409,0x5BFC0
558,딩,U+B529,0x9DB4,擽,7411,0x5C034
559,딪,U+B52A,0x9DB5,攘,7412,0x5C070
560,따,U+B530,0x9DB7,攅,7414,0x5C0E4
561,딱,U+B531,0x9DB8,攤,7415,0x5C120
562,딴,U+B534,0x9DB9,攣,7416,0x5C15C
563,딸,U+B538,0x9DBA,攫,7417,0x5C198
564,땀,U+B540,0x9DBF,攸,7422,0x5C2B4
565,땁,U+B541,0x9DC1,效,7424,0x5C328
566,땃,U+B543,0x9DC2,敖,7425,0x5C364
567,땄,U+B544,0x9DC3,敕,7426,0x5C3A0
568,땅,U+B545,0x9DC5,敘,7428,0x5C414
569,땋,U+B54B,0x9DC6,敞,7429,0x5C450
570,때,U+B54C,0x9DC7,敝,7430,0x5C48C
571,땍,U+B54D,0x9DC8,敲,7431,0x5C4C8
572,땐,U+B550,0x9DC9,數,7432,0x5C504
573,땔,U+B554,0x9DCA,斂,7433,0x5C540
574,땜,U+B55C,0x9DCB,斃,7434,0x5C57C
575,땝,U+B55D,0x9DCC,變,7435,0x5C5B8
576,땟,U+B55F,0x9DCD,斛,7436,0x5C5F4
577,땠,U+B560,0x9DCE,斟,7437,0x5C630
578,땡,U+B561,0x9DCF,斫,7438,0x5C66C
579,떠,U+B5A0,0x9DD0,斷,7439,0x5C6A8
580,떡,U+B5A1,0x9DD1,旃,7440,0x5C6E4
581,떤,U+B5A4,0x9DD2,旆,7441,0x5C720
582,떨,U+B5A8,0x9DD4,旄,7443,0x5C794
583,떪,U+B5AA,0x9DD5,旌,7444,0x5C7D0
584,떫,U+B5AB,0x9DD6,旒,7445,0x5C80C
585,떰,U+B5B0,0x9DD7,旛,7446,0x5C848
586,떱,U+B5B1,0x9DD8,旙,7447,0x5C884
587,떳,U+B5B3,0x9DD9,无,7448,0x5C8C0
588,떴,U+B5B4,0x9DDA,旡,7449,0x5C8FC
589,떵,U+B5B5,0x9DDB,旱,7450,0x5C938
590,떻,U+B5BB,0x9DE1,昵,7456,0x5CA8C
591,떼,U+B5BC,0x9DE5,晏,7460,0x5CB70
592,떽,U+B5BD,0x9DE6,晄,7461,0x5CBAC
593,뗀,U+B5C0,0x9DE9,晞,7464,0x5CC58
594,뗄,U+B5C4,0x9DEA,晝,7465,0x5CC94
595,뗌,U+B5CC,0x9DEB,晤,7466,0x5CCD0
596,뗍,U+B5CD,0x9DEC,晧,7467,0x5CD0C
597,뗏,U+B5CF,0x9DF0,晰,7471,0x5CDF0
598,뗐,U+B5D0,0x9DF1,暃,7472,0x5CE2C
599,뗑,U+B5D1,0x9DF4,暉,7475,0x5CED8
600,뗘,U+B5D8,0x9DF5,暄,7476,0x5CF14
601,뗬,U+B5EC,0x9DF6,暘,7477,0x5CF50
602,또,U+B610,0x9DF7,暝,7478,0x5CF8C
603,똑,U+B611,0x9DF8,曁,7479,0x5CFC8
604,똔,U+B614,0x9DF9,暹,7480,0x5D004
605,똘,U+B618,0x9DFA,曉,7481,0x5D040
606,똥,U+B625,0x9DFB,暾,7482,0x5D07C
607,똬,U+B62C,0x9DFC,暼,7483,0x5D0B8
608,똴,U+B634,0x9E40,曄,7551,0x5D628
609,뙈,U+B648,0x9E42,曖,7553,0x5D69C
610,뙤,U+B664,0x9E43,曚,7554,0x5D6D8
611,뙨,U+B668,0x9E44,曠,7555,0x5D714
612,뚜,U+B69C,0x9E46,曦,7557,0x5D788
613,뚝,U+B69D,0x9E49,曵,7560,0x5D82C
614,뚠,U+B6A0,0x9E4E,朦,7565,0x5D948
615,뚤,U+B6A4,0x9E51,朮,7568,0x5D9F4
616,뚫,U+B6AB,0x9E54,杁,7571,0x5DAA0
617,뚬,U+B6AC,0x9E57,杆,7574,0x5DB4C
618,뚱,U+B6B1,0x9E58,杞,7575,0x5DB88
619,뛔,U+B6D4,0x9E59,杠,7576,0x5DBC4
620,뛰,U+B6F0,0x9E5A,杙,7577,0x5DC00
621,뛴,U+B6F4,0x9E5C,杤,7579,0x5DC74
622,뛸,U+B6F8,0x9E5D,枉,7580,0x5DCB0
623,뜀,U+B700,0x9E5E,杰,7581,0x5DCEC
624,뜁,U+B701,0x9E60,杼,7583,0x5DD60
625,뜅,U+B705,0x9E62,枌,7585,0x5DDD4
626,뜨,U+B728,0x9E63,枋,7586,0x5DE10
627,뜩,U+B729,0x9E64,枦,7587,0x5DE4C
628,뜬,U+B72C,0x9E65,枡,7588,0x5DE88
629,뜯,U+B72F,0x9E66,枅,7589,0x5DEC4
630,뜰,U+B730,0x9E68,柯,7591,0x5DF38
631,뜸,U+B738,0x9E6C,柩,7595,0x5E01C
632,뜹,U+B739,0x9E6E,柤,7597,0x5E090
633,뜻,U+B73B,0x9E6F,柞,7598,0x5E0CC
634,띄,U+B744,0x9E71,柢,7600,0x5E140
635,띈,U+B748,0x9E73,枹,7602,0x5E1B4
636,띌,U+B74C,0x9E74,柎,7603,0x5E1F0
637,띔,U+B754,0x9E75,柆,7604,0x5E22C
638,띕,U+B755,0x9E76,柧,7605,0x5E268
639,띠,U+B760,0x9E79,框,7608,0x5E314
640,띤,U+B764,0x9E7B,桀,7610,0x5E388
641,띨,U+B768,0x9E7C,桍,7611,0x5E3C4
642,띰,U+B770,0x9E7D,栲,7612,0x5E400
643,띱,U+B771,0x9E7E,桎,7613,0x5E43C
644,띳,U+B773,0x9E80,梳,7615,0x5E48C
645,띵,U+B775,0x9E81,栫,7616,0x5E4C8
646,라,U+B77C,0x9E82,桙,7617,0x5E504
647,락,U+B77D,0x9E85,桿,7620,0x5E5B0
648,란,U+B780,0x9E87,梏,7622,0x5E624
649,랄,U+B784,0x9E88,梭,7623,0x5E660
650,람,U+B78C,0x9E89,梔,7624,0x5E69C
651,랍,U+B78D,0x9E8B,梛,7626,0x5E710
652,랏,U+B78F,0x9E8C,梃,7627,0x5E74C
653,랐,U+B790,0x9E8D,檮,7628,0x5E788
654,랑,U+B791,0x9E8F,桴,7630,0x5E7FC
655,랒,U+B792,0x9E90,梵,7631,0x5E838
656,랖,U+B796,0x9E93,椏,7634,0x5E8E4
657,랗,U+B797,0x9E94,梍,7635,0x5E920
658,래,U+B798,0x9E95,桾,7636,0x5E95C
659,랙,U+B799,0x9E96,椁,7637,0x5E998
660,랜,U+B79C,0x9E9B,椦,7642,0x5EAB4
661,랠,U+B7A0,0x9E9D,椌,7644,0x5EB28
662,램,U+B7A8,0x9E9E,棍,7645,0x5EB64
663,랩,U+B7A9,0x9E9F,棔,7646,0x5EBA0
664,랫,U+B7AB,0x9EA0,棧,7647,0x5EBDC
665,랬,U+B7AC,0x9EA2,椶,7649,0x5EC50
666,랭,U+B7AD,0x9EA4,椄,7651,0x5ECC4
667,랴,U+B7B4,0x9EA6,棣,7653,0x5ED38
668,략,U+B7B5,0x9EA8,棹,7655,0x5EDAC
669,랸,U+B7B8,0x9EAA,棯,7657,0x5EE20
670,럇,U+B7C7,0x9EAB,椨,7658,0x5EE5C
671,량,U+B7C9,0x9EAC,椪,7659,0x5EE98
672,러,U+B7EC,0x9EAE,椣,7661,0x5EF0C
673,럭,U+B7ED,0x9EB1,楹,7664,0x5EFB8
674,런,U+B7F0,0x9EB2,楷,7665,0x5EFF4
675,럴,U+B7F4,0x9EB4,楸,7667,0x5F068
676,럼,U+B7FC,0x9EB5,楫,7668,0x5F0A4
677,럽,U+B7FD,0x9EB8,楮,7671,0x5F150
678,럿,U+B7FF,0x9EB9,椹,7672,0x5F18C
679,렀,U+B800,0x9EBA,楴,7673,0x5F1C8
680,렁,U+B801,0x9EBB,椽,7674,0x5F204
681,렇,U+B807,0x9EBC,楙,7675,0x5F240
682,레,U+B808,0x9EBD,椰,7676,0x5F27C
683,렉,U+B809,0x9EBE,楡,7677,0x5F2B8
684,렌,U+B80C,0x9EBF,楞,7678,0x5F2F4
685,렐,U+B810,0x9EC1,榁,7680,0x5F368
686,렘,U+B818,0x9EC2,楪,7681,0x5F3A4
687,렙,U+B819,0x9EC3,榲,7682,0x5F3E0
688,렛,U+B81B,0x9EC5,槐,7684,0x5F454
689,렝,U+B81D,0x9EC6,榿,7685,0x5F490
690,려,U+B824,0x9EC7,槁,7686,0x5F4CC
691,력,U+B825,0x9EC8,槓,7687,0x5F508
692,련,U+B828,0x9EC9,榾,7688,0x5F544
693,렬,U+B82C,0x9ECA,槎,7689,0x5F580
694,렴,U+B834,0x9ECD,槝,7692,0x5F62C
695,렵,U+B835,0x9ECF,槃,7694,0x5F6A0
696,렷,U+B837,0x9ED0,榧,7695,0x5F6DC
697,렸,U+B838,0x9ED1,樮,7696,0x5F718
698,령,U+B839,0x9ED2,榑,7697,0x5F754
699,례,U+B840,0x9ED4,榜,7699,0x5F7C8
700,롄,U+B844,0x9ED5,榕,7700,0x5F804
701,롑,U+B851,0x9ED7,槞,7702,0x5F878
702,롓,U+B853,0x9ED8,槨,7703,0x5F8B4
703,로,U+B85C,0x9ED9,樂,7704,0x5F8F0
704,록,U+B85D,0x9EDB,槿,7706,0x5F964
705,론,U+B860,0x9EDC,權,7707,0x5F9A0
706,롤,U+B864,0x9EDD,槹,7708,0x5F9DC
707,롬,U+B86C,0x9EDE,槲,7709,0x5FA18
708,롭,U+B86D,0x9EE0,樅,7711,0x5FA8C
709,롯,U+B86F,0x9EE1,榱,7712,0x5FAC8
710,롱,U+B871,0x9EE2,樞,7713,0x5FB04
711,롸,U+B878,0x9EE3,槭,7714,0x5FB40
712,롼,U+B87C,0x9EE6,樊,7717,0x5FBEC
713,뢍,U+B88D,0x9EE7,樒,7718,0x5FC28
714,뢨,U+B8A8,0x9EE9,樣,7720,0x5FC9C
715,뢰,U+B8B0,0x9EEA,樓,7721,0x5FCD8
716,뢴,U+B8B4,0x9EEB,橄,7722,0x5FD14
717,뢸,U+B8B8,0x9EEC,樌,7723,0x5FD50
718,룀,U+B8C0,0x9EED,橲,7724,0x5FD8C
719,룁,U+B8C1,0x9EEE,樶,7725,0x5FDC8
720,룃,U+B8C3,0x9EEF,橸,7726,0x5FE04
721,룅,U+B8C5,0x9EF0,橇,7727,0x5FE40
722,료,U+B8CC,0x9EF3,橦,7730,0x5FEEC
723,룐,U+B8D0,0x9EF4,橈,7731,0x5FF28
724,룔,U+B8D4,0x9EF6,樢,7733,0x5FF9C
725,룝,U+B8DD,0x9EF7,檐,7734,0x5FFD8
726,룟,U+B8DF,0x9EF8,檍,7735,0x60014
727,룡,U+B8E1,0x9EF9,檠,7736,0x60050
728,루,U+B8E8,0x9EFA,檄,7737,0x6008C
729,룩,U+B8E9,0x9EFC,檣,7739,0x60100
730,룬,U+B8EC,0x9F40,檗,7807,0x60670
731,룰,U+B8F0,0x9F41,蘗,7808,0x606AC
732,룸,U+B8F8,0x9F42,檻,7809,0x606E8
733,룹,U+B8F9,0x9F43,櫃,7810,0x60724
734,룻,U+B8FB,0x9F44,櫂,7811,0x60760
735,룽,U+B8FD,0x9F45,檸,7812,0x6079C
736,뤄,U+B904,0x9F47,檬,7814,0x60810
737,뤘,U+B918,0x9F48,櫞,7815,0x6084C
738,뤠,U+B920,0x9F4A,櫟,7817,0x608C0
739,뤼,U+B93C,0x9F4B,檪,7818,0x608FC
740,뤽,U+B93D,0x9F4D,櫪,7820,0x60970
741,륀,U+B940,0x9F4E,櫻,7821,0x609AC
742,륄,U+B944,0x9F50,蘖,7823,0x60A20
743,륌,U+B94C,0x9F51,櫺,7824,0x60A5C
744,륏,U+B94F,0x9F53,欖,7826,0x60AD0
745,륑,U+B951,0x9F55,欟,7828,0x60B44
746,류,U+B958,0x9F57,欷,7830,0x60BB8
747,륙,U+B959,0x9F58,盜,7831,0x60BF4
748,륜,U+B95C,0x9F64,歸,7843,0x60E98
749,률,U+B960,0x9F67,殀,7846,0x60F44
750,륨,U+B968,0x9F69,殃,7848,0x60FB8
751,륩,U+B969,0x9F6A,殍,7849,0x60FF4
752,륫,U+B96B,0x9F6B,殘,7850,0x61030
753,륭,U+B96D,0x9F6C,殕,7851,0x6106C
754,르,U+B974,0x9F6D,殞,7852,0x610A8
755,륵,U+B975,0x9F6E,殤,7853,0x610E4
756,른,U+B978,0x9F6F,殪,7854,0x61120
757,를,U+B97C,0x9F70,殫,7855,0x6115C
758,름,U+B984,0x9F71,殯,7856,0x61198
759,릅,U+B985,0x9F72,殲,7857,0x611D4
760,릇,U+B987,0x9F73,殱,7858,0x61210
761,릉,U+B989,0x9F75,殷,7860,0x61284
762,릊,U+B98A,0x9F76,殼,7861,0x612C0
763,릍,U+B98D,0x9F77,毆,7862,0x612FC
764,릎,U+B98E,0x9F79,毓,7864,0x61370
765,리,U+B9AC,0x9F7A,毟,7865,0x613AC
766,릭,U+B9AD,0x9F7B,毬,7866,0x613E8
767,린,U+B9B0,0x9F7C,毫,7867,0x61424
768,릴,U+B9B4,0x9F7D,毳,7868,0x61460
769,림,U+B9BC,0x9F7E,毯,7869,0x6149C
770,립,U+B9BD,0x9F80,麾,7871,0x614EC
771,릿,U+B9BF,0x9F81,氈,7872,0x61528
772,링,U+B9C1,0x9F82,氓,7873,0x61564
773,마,U+B9C8,0x9F83,气,7874,0x615A0
774,막,U+B9C9,0x9F84,氛,7875,0x615DC
775,만,U+B9CC,0x9F85,氤,7876,0x61618
776,많,U+B9CE,0x9F86,氣,7877,0x61654
777,맏,U+B9CF,0x9F87,汞,7878,0x61690
778,말,U+B9D0,0x9F89,汢,7880,0x61704
779,맑,U+B9D1,0x9F8A,汪,7881,0x61740
780,맒,U+B9D2,0x9F8B,沂,7882,0x6177C
781,맘,U+B9D8,0x9F8C,沍,7883,0x617B8
782,맙,U+B9D9,0x9F8D,沚,7884,0x617F4
783,맛,U+B9DB,0x9F8E,沁,7885,0x61830
784,망,U+B9DD,0x9F8F,沛,7886,0x6186C
785,맞,U+B9DE,0x9F90,汾,7887,0x618A8
786,맡,U+B9E1,0x9F95,泄,7892,0x619C4
787,맣,U+B9E3,0x9F96,泱,7893,0x61A00
788,매,U+B9E4,0x9F97,泓,7894,0x61A3C
789,맥,U+B9E5,0x9F98,沽,7895,0x61A78
790,맨,U+B9E8,0x9F9B,泝,7898,0x61B24
791,맬,U+B9EC,0x9F9C,沮,7899,0x61B60
792,맴,U+B9F4,0x9F9E,沾,7901,0x61BD4
793,맵,U+B9F5,0x9FA0,泛,7903,0x61C48
794,맷,U+B9F7,0x9FA1,泯,7904,0x61C84
795,맸,U+B9F8,0x9FA2,泙,7905,0x61CC0
796,맹,U+B9F9,0x9FA5,衍,7908,0x61D6C
797,맺,U+B9FA,0x9FA7,洫,7910,0x61DE0
798,먀,U+BA00,0x9FA9,洸,7912,0x61E54
799,먁,U+BA01,0x9FAD,洒,7916,0x61F38
800,먈,U+BA08,0x9FAF,浣,7918,0x61FAC
801,먕,U+BA15,0x9FB2,浚,7921,0x62058
802,머,U+BA38,0x9FB4,浙,7923,0x620CC
803,먹,U+BA39,0x9FB7,濤,7926,0x62178
804,먼,U+BA3C,0x9FB8,涅,7927,0x621B4
805,멀,U+BA40,0x9FB9,淹,7928,0x621F0
806,멂,U+BA42,0x9FBD,淇,7932,0x622D4
807,멈,U+BA48,0x9FC0,淆,7935,0x62380
808,멉,U+BA49,0x9FC1,淬,7936,0x623BC
809,멋,U+BA4B,0x9FC2,淞,7937,0x623F8
810,멍,U+BA4D,0x9FC4,淨,7939,0x6246C
811,멎,U+BA4E,0x9FC5,淒,7940,0x624A8
812,멓,U+BA53,0x9FC6,淅,7941,0x624E4
813,메,U+BA54,0x9FC9,淤,7944,0x62590
814,멕,U+BA55,0x9FCA,淕,7945,0x625CC
815,멘,U+BA58,0x9FCC,淮,7947,0x62640
816,멜,U+BA5C,0x9FCE,湮,7949,0x626B4
817,멤,U+BA64,0x9FCF,渮,7950,0x626F0
818,멥,U+BA65,0x9FD1,湲,7952,0x62764
819,멧,U+BA67,0x9FD2,湟,7953,0x627A0
820,멨,U+BA68,0x9FD3,渾,7954,0x627DC
821,멩,U+BA69,0x9FD4,渣,7955,0x62818
822,며,U+BA70,0x9FD5,湫,7956,0x62854
823,멱,U+BA71,0x9FD8,湍,7959,0x62900
824,면,U+BA74,0x9FD9,渟,7960,0x6293C
825,멸,U+BA78,0x9FDA,湃,7961,0x62978
826,몃,U+BA83,0x9FDB,渺,7962,0x629B4
827,몄,U+BA84,0x9FDC,湎,7963,0x629F0
828,명,U+BA85,0x9FDE,滿,7965,0x62A64
829,몇,U+BA87,0x9FE0,游,7967,0x62AD8
830,몌,U+BA8C,0x9FE3,溘,7970,0x62B84
831,모,U+BAA8,0x9FE4,滉,7971,0x62BC0
832,목,U+BAA9,0x9FE6,滓,7973,0x62C34
833,몫,U+BAAB,0x9FE9,滄,7976,0x62CE0
834,몬,U+BAAC,0x9FED,溏,7980,0x62DC4
835,몰,U+BAB0,0x9FEE,溥,7981,0x62E00
836,몲,U+BAB2,0x9FEF,滂,7982,0x62E3C
837,몸,U+BAB8,0x9FF0,溟,7983,0x62E78
838,몹,U+BAB9,0x9FF2,漑,7985,0x62EEC
839,못,U+BABB,0x9FF3,灌,7986,0x62F28
840,몽,U+BABD,0x9FF4,滬,7987,0x62F64
841,뫄,U+BAC4,0x9FF5,滸,7988,0x62FA0
842,뫈,U+BAC8,0x9FF9,漱,7992,0x63084
843,뫘,U+BAD8,0x9FFA,滯,7993,0x630C0
844,뫙,U+BAD9,0xE043,澆,7999,0x63214
845,뫼,U+BAFC,0xE044,潺,8000,0x63250
846,묀,U+BB00,0xE045,潸,8001,0x6328C
847,묄,U+BB04,0xE046,澁,8002,0x632C8
848,묍,U+BB0D,0xE047,澀,8003,0x63304
849,묏,U+BB0F,0xE048,潯,8004,0x63340
850,묑,U+BB11,0xE049,潛,8005,0x6337C
851,묘,U+BB18,0xE04A,濳,8006,0x633B8
852,묜,U+BB1C,0xE04B,潭,8007,0x633F4
853,묠,U+BB20,0xE04C,澂,8008,0x63430
854,묩,U+BB29,0xE04D,潼,8009,0x6346C
855,묫,U+BB2B,0xE04E,潘,8010,0x634A8
856,무,U+BB34,0xE050,澑,8012,0x6351C
857,묵,U+BB35,0xE051,濂,8013,0x63558
858,묶,U+BB36,0xE052,潦,8014,0x63594
859,문,U+BB38,0xE054,澣,8016,0x63608
860,묻,U+BB3B,0xE056,澤,8018,0x6367C
861,물,U+BB3C,0xE058,濆,8020,0x636F0
862,묽,U+BB3D,0xE059,澪,8021,0x6372C
863,묾,U+BB3E,0xE05A,濟,8022,0x63768
864,뭄,U+BB44,0xE05B,濕,8023,0x637A4
865,뭅,U+BB45,0xE05E,濘,8026,0x63850
866,뭇,U+BB47,0xE05F,濱,8027,0x6388C
867,뭉,U+BB49,0xE060,濮,8028,0x638C8
868,뭍,U+BB4D,0xE061,濛,8029,0x63904
869,뭏,U+BB4F,0xE062,瀉,8030,0x63940
870,뭐,U+BB50,0xE064,濺,8032,0x639B4
871,뭔,U+BB54,0xE069,瀛,8037,0x63AD0
872,뭘,U+BB58,0xE06B,潴,8039,0x63B44
873,뭡,U+BB61,0xE06C,瀝,8040,0x63B80
874,뭣,U+BB63,0xE06D,瀘,8041,0x63BBC
875,뭬,U+BB6C,0xE06E,瀟,8042,0x63BF8
876,뮈,U+BB88,0xE071,瀲,8045,0x63CA4
877,뮌,U+BB8C,0xE072,灑,8046,0x63CE0
878,뮐,U+BB90,0xE073,灣,8047,0x63D1C
879,뮤,U+BBA4,0xE078,炬,8052,0x63E38
880,뮨,U+BBA8,0xE079,炸,8053,0x63E74
881,뮬,U+BBAC,0xE07A,炳,8054,0x63EB0
882,뮴,U+BBB4,0xE07B,炮,8055,0x63EEC
883,뮷,U+BBB7,0xE07D,烋,8057,0x63F60
884,므,U+BBC0,0xE07E,烝,8058,0x63F9C
885,믄,U+BBC4,0xE083,焜,8063,0x64094
886,믈,U+BBC8,0xE084,焙,8064,0x640D0
887,믐,U+BBD0,0xE086,煕,8066,0x64144
888,믓,U+BBD3,0xE087,熈,8067,0x64180
889,미,U+BBF8,0xE088,煦,8068,0x641BC
890,믹,U+BBF9,0xE08A,煌,8070,0x64230
891,민,U+BBFC,0xE08C,煬,8072,0x642A4
892,믿,U+BBFF,0xE08D,熏,8073,0x642E0
893,밀,U+BC00,0xE08E,燻,8074,0x6431C
894,밂,U+BC02,0xE090,熕,8076,0x64390
895,밈,U+BC08,0xE092,熬,8078,0x64404
896,밉,U+BC09,0xE094,熹,8080,0x64478
897,밋,U+BC0B,0xE095,熾,8081,0x644B4
898,밌,U+BC0C,0xE096,燒,8082,0x644F0
899,밍,U+BC0D,0xE097,燉,8083,0x6452C
900,및,U+BC0F,0xE098,燔,8084,0x64568
901,밑,U+BC11,0xE099,燎,8085,0x645A4
902,바,U+BC14,0xE09B,燬,8087,0x64618
903,박,U+BC15,0xE09C,燧,8088,0x64654
904,밖,U+BC16,0xE09D,燵,8089,0x64690
905,밗,U+BC17,0xE09E,燼,8090,0x646CC
906,반,U+BC18,0xE0A0,燿,8092,0x64740
907,받,U+BC1B,0xE0A1,爍,8093,0x6477C
908,발,U+BC1C,0xE0A2,爐,8094,0x647B8
909,밝,U+BC1D,0xE0A4,爨,8096,0x6482C
910,밞,U+BC1E,0xE0A5,爭,8097,0x64868
911,밟,U+BC1F,0xE0AA,爼,8102,0x64984
912,밤,U+BC24,0xE0AC,牀,8104,0x649EC
913,밥,U+BC25,0xE0AD,牆,8105,0x64A28
914,밧,U+BC27,0xE0AE,牋,8106,0x64A64
915,방,U+BC29,0xE0AF,牘,8107,0x64AA0
916,밭,U+BC2D,0xE0B0,牴,8108,0x64ADC
917,배,U+BC30,0xE0B1,牾,8109,0x64B18
918,백,U+BC31,0xE0B2,犂,8110,0x64B54
919,밴,U+BC34,0xE0B3,犁,8111,0x64B90
920,밸,U+BC38,0xE0B4,犇,8112,0x64BCC
921,뱀,U+BC40,0xE0B5,犒,8113,0x64C08
922,뱁,U+BC41,0xE0B6,犖,8114,0x64C44
923,뱃,U+BC43,0xE0B7,犢,8115,0x64C80
924,뱄,U+BC44,0xE0B8,犧,8116,0x64CBC
925,뱅,U+BC45,0xE0B9,犹,8117,0x64CF8
926,뱉,U+BC49,0xE0BA,犲,8118,0x64D34
927,뱌,U+BC4C,0xE0BB,狃,8119,0x64D70
928,뱍,U+BC4D,0xE0BF,狒,8123,0x64E54
929,뱐,U+BC50,0xE0C0,狢,8124,0x64E90
930,뱝,U+BC5D,0xE0C6,猗,8130,0x64FE4
931,버,U+BC84,0xE0C7,猊,8131,0x65020
932,벅,U+BC85,0xE0C8,猜,8132,0x6505C
933,번,U+BC88,0xE0CA,猝,8134,0x650D0
934,벋,U+BC8B,0xE0CC,猯,8136,0x65144
935,벌,U+BC8C,0xE0CD,猩,8137,0x65180
936,벎,U+BC8E,0xE0CE,猥,8138,0x651BC
937,범,U+BC94,0xE0CF,猾,8139,0x651F8
938,법,U+BC95,0xE0D0,獎,8140,0x65234
939,벗,U+BC97,0xE0D1,獏,8141,0x65270
940,벙,U+BC99,0xE0D3,獗,8143,0x652E4
941,벚,U+BC9A,0xE0D6,獰,8146,0x65390
942,베,U+BCA0,0xE0D8,獵,8148,0x65404
943,벡,U+BCA1,0xE0DA,獺,8150,0x65478
944,벤,U+BCA4,0xE0DC,玳,8152,0x654EC
945,벧,U+BCA7,0xE0DD,珎,8153,0x65528
946,벨,U+BCA8,0xE0E0,珥,8156,0x655D4
947,벰,U+BCB0,0xE0E1,珮,8157,0x65610
948,벱,U+BCB1,0xE0E2,珞,8158,0x6564C
949,벳,U+BCB3,0xE0E3,璢,8159,0x65688
950,벴,U+BCB4,0xE0E5,瑯,8161,0x656FC
951,벵,U+BCB5,0xE0E6,琥,8162,0x65738
952,벼,U+BCBC,0xE0E7,珸,8163,0x65774
953,벽,U+BCBD,0xE0E8,琲,8164,0x657B0
954,변,U+BCC0,0xE0E9,琺,8165,0x657EC
955,별,U+BCC4,0xE0EB,琿,8167,0x65860
956,볍,U+BCCD,0xE0EE,瑁,8170,0x6590C
957,볏,U+BCCF,0xE0EF,瑜,8171,0x65948
958,볐,U+BCD0,0xE0F4,瑶,8176,0x65A64
959,병,U+BCD1,0xE0F5,瑾,8177,0x65AA0
960,볕,U+BCD5,0xE0F6,璋,8178,0x65ADC
961,볘,U+BCD8,0xE0F8,璧,8180,0x65B50
962,볜,U+BCDC,0xE0FB,瓔,8183,0x65BFC
963,보,U+BCF4,0xE0FC,珱,8184,0x65C38
964,복,U+BCF5,0xE140,瓠,8252,0x661A8
965,볶,U+BCF6,0xE141,瓣,8253,0x661E4
966,본,U+BCF8,0xE142,瓧,8254,0x66220
967,볼,U+BCFC,0xE143,瓩,8255,0x6625C
968,봄,U+BD04,0xE144,瓮,8256,0x66298
969,봅,U+BD05,0xE145,瓲,8257,0x662D4
970,봇,U+BD07,0xE146,瓰,8258,0x66310
971,봉,U+BD09,0xE147,瓱,8259,0x6634C
972,봐,U+BD10,0xE148,瓸,8260,0x66388
973,봔,U+BD14,0xE149,瓷,8261,0x663C4
974,봤,U+BD24,0xE14A,甄,8262,0x66400
975,봬,U+BD2C,0xE14B,甃,8263,0x6643C
976,뵀,U+BD40,0xE14C,甅,8264,0x66478
977,뵈,U+BD48,0xE14D,甌,8265,0x664B4
978,뵉,U+BD49,0xE14E,甎,8266,0x664F0
979,뵌,U+BD4C,0xE150,甕,8268,0x66564
980,뵐,U+BD50,0xE151,甓,8269,0x665A0
981,뵘,U+BD58,0xE153,甦,8271,0x66614
982,뵙,U+BD59,0xE157,畍,8275,0x666F4
983,뵤,U+BD64,0xE158,畊,8276,0x66730
984,뵨,U+BD68,0xE15B,畆,8279,0x667DC
985,부,U+BD80,0xE15D,畩,8281,0x66850
986,북,U+BD81,0xE15E,畤,8282,0x6688C
987,분,U+BD84,0xE160,畫,8284,0x66900
988,붇,U+BD87,0xE162,畸,8286,0x66974
989,불,U+BD88,0xE164,疆,8288,0x669E8
990,붉,U+BD89,0xE165,疇,8289,0x66A24
991,붊,U+BD8A,0xE166,畴,8290,0x66A60
992,붐,U+BD90,0xE167,疊,8291,0x66A9C
993,붑,U+BD91,0xE168,疉,8292,0x66AD8
994,붓,U+BD93,0xE169,疂,8293,0x66B14
995,붕,U+BD95,0xE16C,疝,8296,0x66BC0
996,붙,U+BD99,0xE16E,疣,8298,0x66C34
997,붚,U+BD9A,0xE16F,痂,8299,0x66C70
998,붜,U+BD9C,0xE171,痃,8301,0x66CE4
999,붤,U+BDA4,0xE172,疵,8302,0x66D20
1000,붰,U+BDB0,0xE173,疽,8303,0x66D5C
1001,붸,U+BDB8,0xE174,疸,8304,0x66D98
1002,뷔,U+BDD4,0xE175,疼,8305,0x66DD4
1003,뷕,U+BDD5,0xE176,疱,8306,0x66E10
1004,뷘,U+BDD8,0xE17A,痙,8310,0x66EF4
1005,뷜,U+BDDC,0xE17D,痾,8313,0x66FA0
1006,뷩,U+BDE9,0xE180,痼,8316,0x67028
1007,뷰,U+BDF0,0xE181,瘁,8317,0x67064
1008,뷴,U+BDF4,0xE183,痺,8319,0x670D8
1009,뷸,U+BDF8,0xE184,痲,8320,0x67114
1010,븀,U+BE00,0xE185,痳,8321,0x67150
1011,븃,U+BE03,0xE186,瘋,8322,0x6718C
1012,븅,U+BE05,0xE187,瘍,8323,0x671C8
1013,브,U+BE0C,0xE188,瘉,8324,0x67204
1014,븍,U+BE0D,0xE189,瘟,8325,0x67240
1015,븐,U+BE10,0xE18A,瘧,8326,0x6727C
1016,블,U+BE14,0xE18B,瘠,8327,0x672B8
1017,븜,U+BE1C,0xE18D,瘢,8329,0x6732C
1018,븝,U+BE1D,0xE18E,瘤,8330,0x67368
1019,븟,U+BE1F,0xE18F,瘴,8331,0x673A4
1020,비,U+BE44,0xE191,瘻,8333,0x67418
1021,빅,U+BE45,0xE192,癇,8334,0x67454
1022,빈,U+BE48,0xE193,癈,8335,0x67490
1023,빌,U+BE4C,0xE194,癆,8336,0x674CC
1024,빎,U+BE4E,0xE195,癜,8337,0x67508
1025,빔,U+BE54,0xE196,癘,8338,0x67544
1026,빕,U+BE55,0xE197,癡,8339,0x67580
1027,빗,U+BE57,0xE19B,癪,8343,0x67664
1028,빙,U+BE59,0xE19C,癧,8344,0x676A0
1029,빚,U+BE5A,0xE19D,癬,8345,0x676DC
1030,빛,U+BE5B,0xE19E,癰,8346,0x67718
1031,빠,U+BE60,0xE19F,癲,8347,0x67754
1032,빡,U+BE61,0xE1A2,發,8350,0x67800
1033,빤,U+BE64,0xE1A4,皃,8352,0x67870
1034,빨,U+BE68,0xE1A5,皈,8353,0x678AC
1035,빪,U+BE6A,0xE1A7,皎,8355,0x67920
1036,빰,U+BE70,0xE1A8,皖,8356,0x6795C
1037,빱,U+BE71,0xE1A9,皓,8357,0x67998
1038,빳,U+BE73,0xE1AB,皚,8359,0x67A0C
1039,빴,U+BE74,0xE1AC,皰,8360,0x67A48
1040,빵,U+BE75,0xE1AD,皴,8361,0x67A84
1041,빻,U+BE7B,0xE1AE,皸,8362,0x67AC0
1042,빼,U+BE7C,0xE1AF,皹,8363,0x67AFC
1043,빽,U+BE7D,0xE1B0,皺,8364,0x67B38
1044,뺀,U+BE80,0xE1B1,盂,8365,0x67B74
1045,뺄,U+BE84,0xE1B2,盍,8366,0x67BB0
1046,뺌,U+BE8C,0xE1B3,盖,8367,0x67BEC
1047,뺍,U+BE8D,0xE1B4,盒,8368,0x67C28
1048,뺏,U+BE8F,0xE1B5,盞,8369,0x67C64
1049,뺐,U+BE90,0xE1B6,盡,8370,0x67CA0
1050,뺑,U+BE91,0xE1B7,盥,8371,0x67CDC
1051,뺘,U+BE98,0xE1B8,盧,8372,0x67D18
1052,뺙,U+BE99,0xE1B9,盪,8373,0x67D54
1053,뺨,U+BEA8,0xE1BA,蘯,8374,0x67D90
1054,뻐,U+BED0,0xE1BC,眈,8376,0x67E04
1055,뻑,U+BED1,0xE1BE,眄,8378,0x67E78
1056,뻔,U+BED4,0xE1BF,眩,8379,0x67EB4
1057,뻗,U+BED7,0xE1C0,眤,8380,0x67EF0
1058,뻘,U+BED8,0xE1C2,眥,8382,0x67F64
1059,뻠,U+BEE0,0xE1C3,眦,8383,0x67FA0
1060,뻣,U+BEE3,0xE1C5,眷,8385,0x68014
1061,뻤,U+BEE4,0xE1C6,眸,8386,0x68050
1062,뻥,U+BEE5,0xE1C7,睇,8387,0x6808C
1063,뻬,U+BEEC,0xE1C8,睚,8388,0x680C8
1064,뼁,U+BF01,0xE1C9,睨,8389,0x68104
1065,뼈,U+BF08,0xE1CA,睫,8390,0x68140
1066,뼉,U+BF09,0xE1CB,睛,8391,0x6817C
1067,뼘,U+BF18,0xE1CC,睥,8392,0x681B8
1068,뼙,U+BF19,0xE1CE,睾,8394,0x6822C
1069,뼛,U+BF1B,0xE1CF,睹,8395,0x68268
1070,뼜,U+BF1C,0xE1D1,瞋,8397,0x682DC
1071,뼝,U+BF1D,0xE1D2,瞑,8398,0x68318
1072,뽀,U+BF40,0xE1D3,瞠,8399,0x68354
1073,뽁,U+BF41,0xE1D4,瞞,8400,0x68390
1074,뽄,U+BF44,0xE1D5,瞰,8401,0x683CC
1075,뽈,U+BF48,0xE1D6,瞶,8402,0x68408
1076,뽐,U+BF50,0xE1D7,瞹,8403,0x68444
1077,뽑,U+BF51,0xE1DB,瞻,8407,0x68528
1078,뽕,U+BF55,0xE1DC,矇,8408,0x68564
1079,뾔,U+BF94,0xE1DE,矗,8410,0x685D8
1080,뾰,U+BFB0,0xE1DF,矚,8411,0x68614
1081,뿅,U+BFC5,0xE1E2,矮,8414,0x686C0
1082,뿌,U+BFCC,0xE1E3,矼,8415,0x686FC
1083,뿍,U+BFCD,0xE1E5,砒,8417,0x68770
1084,뿐,U+BFD0,0xE1E6,礦,8418,0x687AC
1085,뿔,U+BFD4,0xE1E7,砠,8419,0x687E8
1086,뿜,U+BFDC,0xE1E8,礪,8420,0x68824
1087,뿟,U+BFDF,0xE1E9,硅,8421,0x68860
1088,뿡,U+BFE1,0xE1EA,碎,8422,0x6889C
1089,쀼,U+C03C,0xE1EB,硴,8423,0x688D8
1090,쁑,U+C051,0xE1EE,碚,8426,0x68984
1091,쁘,U+C058,0xE1EF,碌,8427,0x689C0
1092,쁜,U+C05C,0xE1F2,碪,8430,0x68A6C
1093,쁠,U+C060,0xE1F4,磑,8432,0x68AE0
1094,쁨,U+C068,0xE1F5,磆,8433,0x68B1C
1095,쁩,U+C069,0xE1F6,磋,8434,0x68B58
1096,삐,U+C090,0xE1F8,碾,8436,0x68BCC
1097,삑,U+C091,0xE1F9,碼,8437,0x68C08
1098,삔,U+C094,0xE1FA,磅,8438,0x68C44
1099,삘,U+C098,0xE1FB,磊,8439,0x68C80
1100,삠,U+C0A0,0xE1FC,磬,8440,0x68CBC
1101,삡,U+C0A1,0xE240,磧,8508,0x6922C
1102,삣,U+C0A3,0xE241,磚,8509,0x69268
1103,삥,U+C0A5,0xE242,磽,8510,0x692A4
1104,사,U+C0AC,0xE243,磴,8511,0x692E0
1105,삭,U+C0AD,0xE247,礙,8515,0x693C4
1106,삯,U+C0AF,0xE249,礫,8517,0x69438
1107,산,U+C0B0,0xE24A,祀,8518,0x69474
1108,삳,U+C0B3,0xE24C,祗,8520,0x694E8
1109,살,U+C0B4,0xE24E,祚,8522,0x6955C
1110,삵,U+C0B5,0xE24F,祕,8523,0x69598
1111,삶,U+C0B6,0xE251,祺,8525,0x6960C
1112,삼,U+C0BC,0xE252,祿,8526,0x69648
1113,삽,U+C0BD,0xE254,禝,8528,0x696BC
1114,삿,U+C0BF,0xE255,禧,8529,0x696F8
1115,샀,U+C0C0,0xE257,禪,8531,0x6976C
1116,상,U+C0C1,0xE258,禮,8532,0x697A8
1117,샅,U+C0C5,0xE259,禳,8533,0x697E4
1118,새,U+C0C8,0xE25D,秕,8537,0x698C8
1119,색,U+C0C9,0xE25E,秧,8538,0x69904
1120,샌,U+C0CC,0xE25F,秬,8539,0x69940
1121,샐,U+C0D0,0xE261,秣,8541,0x699B4
1122,샘,U+C0D8,0xE262,稈,8542,0x699F0
1123,샙,U+C0D9,0xE264,稘,8544,0x69A64
1124,샛,U+C0DB,0xE265,稙,8545,0x69AA0
1125,샜,U+C0DC,0xE269,稱,8549,0x69B84
1126,생,U+C0DD,0xE26B,稾,8551,0x69BF8
1127,샤,U+C0E4,0xE26D,穃,8553,0x69C6C
1128,샥,U+C0E5,0xE26E,穗,8554,0x69CA8
1129,샨,U+C0E8,0xE270,穡,8556,0x69D1C
1130,샬,U+C0EC,0xE271,穢,8557,0x69D58
1131,샴,U+C0F4,0xE274,穰,8560,0x69E04
1132,샵,U+C0F5,0xE279,窕,8565,0x69F20
1133,샷,U+C0F7,0xE282,竄,8574,0x6A0F8
1134,샹,U+C0F9,0xE283,窿,8575,0x6A134
1135,섀,U+C100,0xE284,邃,8576,0x6A170
1136,섄,U+C104,0xE286,竊,8578,0x6A1E4
1137,섈,U+C108,0xE287,竍,8579,0x6A220
1138,섐,U+C110,0xE288,竏,8580,0x6A25C
1139,섕,U+C115,0xE289,竕,8581,0x6A298
1140,서,U+C11C,0xE28A,竓,8582,0x6A2D4
1141,석,U+C11D,0xE28B,站,8583,0x6A310
1142,섞,U+C11E,0xE28C,竚,8584,0x6A34C
1143,섟,U+C11F,0xE28D,竝,8585,0x6A388
1144,선,U+C120,0xE28E,竡,8586,0x6A3C4
1145,섣,U+C123,0xE28F,竢,8587,0x6A400
1146,설,U+C124,0xE290,竦,8588,0x6A43C
1147,섦,U+C126,0xE292,竰,8590,0x6A4B0
1148,섧,U+C127,0xE293,笂,8591,0x6A4EC
1149,섬,U+C12C,0xE296,笆,8594,0x6A598
1150,섭,U+C12D,0xE29B,笵,8599,0x6A6B4
1151,섯,U+C12F,0xE29E,筐,8602,0x6A760
1152,섰,U+C130,0xE29F,筺,8603,0x6A79C
1153,성,U+C131,0xE2A4,筅,8608,0x6A8B8
1154,섶,U+C136,0xE2A5,筵,8609,0x6A8F4
1155,세,U+C138,0xE2A8,筧,8612,0x6A9A0
1156,섹,U+C139,0xE2A9,筰,8613,0x6A9DC
1157,센,U+C13C,0xE2AC,筮,8616,0x6AA88
1158,셀,U+C140,0xE2AD,箝,8617,0x6AAC4
1159,셈,U+C148,0xE2AE,箘,8618,0x6AB00
1160,셉,U+C149,0xE2AF,箟,8619,0x6AB3C
1161,셋,U+C14B,0xE2B0,箍,8620,0x6AB78
1162,셌,U+C14C,0xE2B1,箜,8621,0x6ABB4
1163,셍,U+C14D,0xE2B2,箚,8622,0x6ABF0
1164,셔,U+C154,0xE2B3,箋,8623,0x6AC2C
1165,셕,U+C155,0xE2B4,箒,8624,0x6AC68
1166,션,U+C158,0xE2B7,箙,8627,0x6AD14
1167,셜,U+C15C,0xE2B8,篋,8628,0x6AD50
1168,셤,U+C164,0xE2B9,篁,8629,0x6AD8C
1169,셥,U+C165,0xE2BC,箴,8632,0x6AE38
1170,셧,U+C167,0xE2BF,篩,8635,0x6AEE4
1171,셨,U+C168,0xE2C2,篦,8638,0x6AF90
1172,셩,U+C169,0xE2C4,籠,8640,0x6B004
1173,셰,U+C170,0xE2C5,簀,8641,0x6B040
1174,셴,U+C174,0xE2C7,簓,8643,0x6B0B4
1175,셸,U+C178,0xE2CF,簪,8651,0x6B278
1176,솅,U+C185,0xE2D0,簟,8652,0x6B2B4
1177,소,U+C18C,0xE2D1,簷,8653,0x6B2F0
1178,속,U+C18D,0xE2D4,籌,8656,0x6B39C
1179,솎,U+C18E,0xE2D5,籃,8657,0x6B3D8
1180,손,U+C190,0xE2D6,籔,8658,0x6B414
1181,솔,U+C194,0xE2D7,籏,8659,0x6B450
1182,솖,U+C196,0xE2D9,籐,8661,0x6B4C4
1183,솜,U+C19C,0xE2DA,籘,8662,0x6B500
1184,솝,U+C19D,0xE2DB,籟,8663,0x6B53C
1185,솟,U+C19F,0xE2DC,籤,8664,0x6B578
1186,송,U+C1A1,0xE2DE,籥,8666,0x6B5EC
1187,솥,U+C1A5,0xE2DF,籬,8667,0x6B628
1188,솨,U+C1A8,0xE2E0,籵,8668,0x6B664
1189,솩,U+C1A9,0xE2E1,粃,8669,0x6B6A0
1190,솬,U+C1AC,0xE2E2,粐,8670,0x6B6DC
1191,솰,U+C1B0,0xE2E3,粤,8671,0x6B718
1192,솽,U+C1BD,0xE2E6,粫,8674,0x6B7C4
1193,쇄,U+C1C4,0xE2E8,粨,8676,0x6B838
1194,쇈,U+C1C8,0xE2E9,粳,8677,0x6B874
1195,쇌,U+C1CC,0xE2EB,粱,8679,0x6B8E8
1196,쇔,U+C1D4,0xE2ED,粹,8681,0x6B95C
1197,쇗,U+C1D7,0xE2EF,糀,8683,0x6B9D0
1198,쇘,U+C1D8,0xE2F0,糅,8684,0x6BA0C
1199,쇠,U+C1E0,0xE2F1,糂,8685,0x6BA48
1200,쇤,U+C1E4,0xE2F2,糘,8686,0x6BA84
1201,쇨,U+C1E8,0xE2F3,糒,8687,0x6BAC0
1202,쇰,U+C1F0,0xE2F4,糜,8688,0x6BAFC
1203,쇱,U+C1F1,0xE2F6,鬻,8690,0x6BB70
1204,쇳,U+C1F3,0xE2F7,糯,8691,0x6BBAC
1205,쇼,U+C1FC,0xE2F8,糲,8692,0x6BBE8
1206,쇽,U+C1FD,0xE2F9,糴,8693,0x6BC24
1207,숀,U+C200,0xE2FA,糶,8694,0x6BC60
1208,숄,U+C204,0xE2FB,糺,8695,0x6BC9C
1209,숌,U+C20C,0xE2FC,紆,8696,0x6BCD8
1210,숍,U+C20D,0xE340,紂,8764,0x6C248
1211,숏,U+C20F,0xE341,紜,8765,0x6C284
1212,숑,U+C211,0xE342,紕,8766,0x6C2C0
1213,수,U+C218,0xE346,紮,8770,0x6C3A4
1214,숙,U+C219,0xE347,紲,8771,0x6C3E0
1215,순,U+C21C,0xE349,紵,8773,0x6C454
1216,숟,U+C21F,0xE34A,絆,8774,0x6C490
1217,술,U+C220,0xE34C,絖,8776,0x6C504
1218,숨,U+C228,0xE34D,絎,8777,0x6C540
1219,숩,U+C229,0xE34F,絨,8779,0x6C5B4
1220,숫,U+C22B,0xE352,絣,8782,0x6C660
1221,숭,U+C22D,0xE353,經,8783,0x6C69C
1222,숯,U+C22F,0xE355,絛,8785,0x6C710
1223,숱,U+C231,0xE356,綏,8786,0x6C74C
1224,숲,U+C232,0xE358,綛,8788,0x6C7C0
1225,숴,U+C234,0xE359,綺,8789,0x6C7FC
1226,쉈,U+C248,0xE35B,綣,8791,0x6C870
1227,쉐,U+C250,0xE35C,綵,8792,0x6C8AC
1228,쉑,U+C251,0xE35E,綽,8794,0x6C920
1229,쉔,U+C254,0xE35F,綫,8795,0x6C95C
1230,쉘,U+C258,0xE366,綰,8802,0x6CAE8
1231,쉠,U+C260,0xE367,緘,8803,0x6CB24
1232,쉥,U+C265,0xE368,緝,8804,0x6CB60
1233,쉬,U+C26C,0xE369,緤,8805,0x6CB9C
1234,쉭,U+C26D,0xE36A,緞,8806,0x6CBD8
1235,쉰,U+C270,0xE36B,緻,8807,0x6CC14
1236,쉴,U+C274,0xE36C,緲,8808,0x6CC50
1237,쉼,U+C27C,0xE36D,緡,8809,0x6CC8C
1238,쉽,U+C27D,0xE36E,縅,8810,0x6CCC8
1239,쉿,U+C27F,0xE36F,縊,8811,0x6CD04
1240,슁,U+C281,0xE371,縡,8813,0x6CD78
1241,슈,U+C288,0xE372,縒,8814,0x6CDB4
1242,슉,U+C289,0xE373,縱,8815,0x6CDF0
1243,슐,U+C290,0xE374,縟,8816,0x6CE2C
1244,슘,U+C298,0xE375,縉,8817,0x6CE68
1245,슛,U+C29B,0xE376,縋,8818,0x6CEA4
1246,슝,U+C29D,0xE379,繦,8821,0x6CF50
1247,스,U+C2A4,0xE37A,縻,8822,0x6CF8C
1248,슥,U+C2A5,0xE37C,縹,8824,0x6D000
1249,슨,U+C2A8,0xE37E,縷,8826,0x6D074
1250,슬,U+C2AC,0xE381,縺,8829,0x6D0FC
1251,슭,U+C2AD,0xE382,繧,8830,0x6D138
1252,슴,U+C2B4,0xE384,繖,8832,0x6D1AC
1253,습,U+C2B5,0xE385,繞,8833,0x6D1E8
1254,슷,U+C2B7,0xE386,繙,8834,0x6D224
1255,승,U+C2B9,0xE388,繹,8836,0x6D298
1256,시,U+C2DC,0xE389,繪,8837,0x6D2D4
1257,식,U+C2DD,0xE38A,繩,8838,0x6D310
1258,신,U+C2E0,0xE38B,繼,8839,0x6D34C
1259,싣,U+C2E3,0xE38C,繻,8840,0x6D388
1260,실,U+C2E4,0xE38D,纃,8841,0x6D3C4
1261,싫,U+C2EB,0xE38F,繽,8843,0x6D438
1262,심,U+C2EC,0xE390,辮,8844,0x6D474
1263,십,U+C2ED,0xE391,繿,8845,0x6D4B0
1264,싯,U+C2EF,0xE392,纈,8846,0x6D4EC
1265,싱,U+C2F1,0xE393,纉,8847,0x6D528
1266,싶,U+C2F6,0xE394,續,8848,0x6D564
1267,싸,U+C2F8,0xE395,纒,8849,0x6D5A0
1268,싹,U+C2F9,0xE396,纐,8850,0x6D5DC
1269,싻,U+C2FB,0xE397,纓,8851,0x6D618
1270,싼,U+C2FC,0xE398,纔,8852,0x6D654
1271,쌀,U+C300,0xE399,纖,8853,0x6D690
1272,쌈,U+C308,0xE39A,纎,8854,0x6D6CC
1273,쌉,U+C309,0xE39C,纜,8856,0x6D740
1274,쌌,U+C30C,0xE39D,缸,8857,0x6D77C
1275,쌍,U+C30D,0xE39F,罅,8859,0x6D7F0
1276,쌓,U+C313,0xE3A0,罌,8860,0x6D82C
1277,쌔,U+C314,0xE3A2,罎,8862,0x6D8A0
1278,쌕,U+C315,0xE3A3,罐,8863,0x6D8DC
1279,쌘,U+C318,0xE3A8,罟,8868,0x6D9F8
1280,쌜,U+C31C,0xE3A9,罠,8869,0x6DA34
1281,쌤,U+C324,0xE3AA,罨,8870,0x6DA70
1282,쌥,U+C325,0xE3AB,罩,8871,0x6DAAC
1283,쌨,U+C328,0xE3AC,罧,8872,0x6DAE8
1284,쌩,U+C329,0xE3AD,罸,8873,0x6DB24
1285,썅,U+C345,0xE3AF,羆,8875,0x6DB98
1286,써,U+C368,0xE3B2,羇,8878,0x6DC44
1287,썩,U+C369,0xE3B3,羌,8879,0x6DC80
1288,썬,U+C36C,0xE3B4,羔,8880,0x6DCBC
1289,썰,U+C370,0xE3B5,羞,8881,0x6DCF8
1290,썲,U+C372,0xE3B6,羝,8882,0x6DD34
1291,썸,U+C378,0xE3BA,羲,8886,0x6DE18
1292,썹,U+C379,0xE3BB,羹,8887,0x6DE54
1293,썼,U+C37C,0xE3BC,羮,8888,0x6DE90
1294,썽,U+C37D,0xE3BD,羶,8889,0x6DECC
1295,쎄,U+C384,0xE3BE,羸,8890,0x6DF08
1296,쎈,U+C388,0xE3C0,翅,8892,0x6DF7C
1297,쎌,U+C38C,0xE3C1,翆,8893,0x6DFB8
1298,쏀,U+C3C0,0xE3CA,飜,8902,0x6E1B4
1299,쏘,U+C3D8,0xE3CB,耆,8903,0x6E1F0
1300,쏙,U+C3D9,0xE3CC,耄,8904,0x6E22C
1301,쏜,U+C3DC,0xE3CD,耋,8905,0x6E268
1302,쏟,U+C3DF,0xE3CF,耘,8907,0x6E2DC
1303,쏠,U+C3E0,0xE3D0,耙,8908,0x6E318
1304,쏢,U+C3E2,0xE3D3,耨,8911,0x6E3C4
1305,쏨,U+C3E8,0xE3D5,耻,8913,0x6E438
1306,쏩,U+C3E9,0xE3D8,聒,8916,0x6E4E4
1307,쏭,U+C3ED,0xE3D9,聘,8917,0x6E520
1308,쏴,U+C3F4,0xE3DB,聟,8919,0x6E594
1309,쏵,U+C3F5,0xE3DC,聢,8920,0x6E5D0
1310,쏸,U+C3F8,0xE3DD,聨,8921,0x6E60C
1311,쐈,U+C408,0xE3DE,聳,8922,0x6E648
1312,쐐,U+C410,0xE3DF,聲,8923,0x6E684
1313,쐤,U+C424,0xE3E1,聶,8925,0x6E6F8
1314,쐬,U+C42C,0xE3E2,聹,8926,0x6E734
1315,쐰,U+C430,0xE3E5,肄,8929,0x6E7E0
1316,쐴,U+C434,0xE3E6,肆,8930,0x6E81C
1317,쐼,U+C43C,0xE3E8,肛,8932,0x6E890
1318,쐽,U+C43D,0xE3EA,肚,8934,0x6E904
1319,쑈,U+C448,0xE3ED,肬,8937,0x6E9B0
1320,쑤,U+C464,0xE3EF,胥,8939,0x6EA24
1321,쑥,U+C465,0xE3F0,胙,8940,0x6EA60
1322,쑨,U+C468,0xE3F1,胝,8941,0x6EA9C
1323,쑬,U+C46C,0xE3F3,胚,8943,0x6EB10
1324,쑴,U+C474,0xE3F4,胖,8944,0x6EB4C
1325,쑵,U+C475,0xE3F6,胯,8946,0x6EBC0
1326,쑹,U+C479,0xE3F7,胱,8947,0x6EBFC
1327,쒀,U+C480,0xE3F8,脛,8948,0x6EC38
1328,쒔,U+C494,0xE3FB,脯,8951,0x6ECE4
1329,쒜,U+C49C,0xE441,腆,9021,0x6F2C4
1330,쒸,U+C4B8,0xE442,脾,9022,0x6F300
1331,쒼,U+C4BC,0xE443,腓,9023,0x6F33C
1332,쓩,U+C4E9,0xE444,腑,9024,0x6F378
1333,쓰,U+C4F0,0xE445,胼,9025,0x6F3B4
1334,쓱,U+C4F1,0xE447,腮,9027,0x6F428
1335,쓴,U+C4F4,0xE448,腥,9028,0x6F464
1336,쓸,U+C4F8,0xE44B,膃,9031,0x6F510
1337,쓺,U+C4FA,0xE44D,膊,9033,0x6F584
1338,쓿,U+C4FF,0xE44E,膀,9034,0x6F5C0
1339,씀,U+C500,0xE450,膠,9036,0x6F634
1340,씁,U+C501,0xE452,膤,9038,0x6F6A8
1341,씌,U+C50C,0xE453,膣,9039,0x6F6E4
1342,씐,U+C510,0xE454,腟,9040,0x6F720
1343,씔,U+C514,0xE455,膓,9041,0x6F75C
1344,씜,U+C51C,0xE456,膩,9042,0x6F798
1345,씨,U+C528,0xE457,膰,9043,0x6F7D4
1346,씩,U+C529,0xE458,膵,9044,0x6F810
1347,씬,U+C52C,0xE45A,膸,9046,0x6F884
1348,씰,U+C530,0xE45C,臀,9048,0x6F8F8
1349,씸,U+C538,0xE45D,臂,9049,0x6F934
1350,씹,U+C539,0xE460,臍,9052,0x6F9E0
1351,씻,U+C53B,0xE461,臑,9053,0x6FA1C
1352,씽,U+C53D,0xE462,臙,9054,0x6FA58
1353,아,U+C544,0xE463,臘,9055,0x6FA94
1354,악,U+C545,0xE464,臈,9056,0x6FAD0
1355,안,U+C548,0xE465,臚,9057,0x6FB0C
1356,앉,U+C549,0xE466,臟,9058,0x6FB48
1357,않,U+C54A,0xE467,臠,9059,0x6FB84
1358,알,U+C54C,0xE468,臧,9060,0x6FBC0
1359,앍,U+C54D,0xE469,臺,9061,0x6FBFC
1360,앎,U+C54E,0xE46F,與,9067,0x6FD50
1361,앓,U+C553,0xE472,舐,9070,0x6FDFC
1362,암,U+C554,0xE473,舖,9071,0x6FE38
1363,압,U+C555,0xE474,舩,9072,0x6FE74
1364,앗,U+C557,0xE475,舫,9073,0x6FEB0
1365,았,U+C558,0xE476,舸,9074,0x6FEEC
1366,앙,U+C559,0xE478,艀,9076,0x6FF60
1367,앝,U+C55D,0xE47A,艘,9078,0x6FFD4
1368,앞,U+C55E,0xE47B,艝,9079,0x70010
1369,애,U+C560,0xE47C,艚,9080,0x7004C
1370,액,U+C561,0xE47D,艟,9081,0x70088
1371,앤,U+C564,0xE480,艢,9084,0x70110
1372,앨,U+C568,0xE481,艨,9085,0x7014C
1373,앰,U+C570,0xE483,艫,9087,0x701C0
1374,앱,U+C571,0xE484,舮,9088,0x701FC
1375,앳,U+C573,0xE485,艱,9089,0x70238
1376,앴,U+C574,0xE486,艷,9090,0x70274
1377,앵,U+C575,0xE48A,芒,9094,0x70358
1378,야,U+C57C,0xE48B,芫,9095,0x70394
1379,약,U+C57D,0xE48F,苡,9099,0x70478
1380,얀,U+C580,0xE492,苒,9102,0x70524
1381,얄,U+C584,0xE493,苴,9103,0x70560
1382,얇,U+C587,0xE494,苳,9104,0x7059C
1383,얌,U+C58C,0xE497,范,9107,0x70648
1384,얍,U+C58D,0xE49A,苞,9110,0x706F4
1385,얏,U+C58F,0xE49E,苙,9114,0x707D8
1386,양,U+C591,0xE49F,茵,9115,0x70814
1387,얕,U+C595,0xE4A0,茴,9116,0x70850
1388,얗,U+C597,0xE4A2,茲,9118,0x708C4
1389,얘,U+C598,0xE4A4,荀,9120,0x70938
1390,얜,U+C59C,0xE4A5,茹,9121,0x70974
1391,얠,U+C5A0,0xE4A7,荅,9123,0x709E8
1392,얩,U+C5A9,0xE4A9,茫,9125,0x70A5C
1393,어,U+C5B4,0xE4AC,莅,9128,0x70B08
1394,억,U+C5B5,0xE4AD,莚,9129,0x70B44
1395,언,U+C5B8,0xE4AE,莪,9130,0x70B80
1396,얹,U+C5B9,0xE4B0,莢,9132,0x70BF4
1397,얻,U+C5BB,0xE4B1,莖,9133,0x70C30
1398,얼,U+C5BC,0xE4B2,茣,9134,0x70C6C
1399,얽,U+C5BD,0xE4B4,莇,9136,0x70CE0
1400,얾,U+C5BE,0xE4B5,莊,9137,0x70D1C
1401,엄,U+C5C4,0xE4B7,莵,9139,0x70D90
1402,업,U+C5C5,0xE4B8,荳,9140,0x70DCC
1403,없,U+C5C6,0xE4BC,莨,9144,0x70EB0
1404,엇,U+C5C7,0xE4BD,菴,9145,0x70EEC
1405,었,U+C5C8,0xE4BE,萓,9146,0x70F28
1406,엉,U+C5C9,0xE4BF,菫,9147,0x70F64
1407,엊,U+C5CA,0xE4C4,萋,9152,0x71080
1408,엌,U+C5CC,0xE4C5,菁,9153,0x710BC
1409,엎,U+C5CE,0xE4C9,菲,9157,0x711A0
1410,에,U+C5D0,0xE4CB,萢,9159,0x71214
1411,엑,U+C5D1,0xE4CC,萠,9160,0x71250
1412,엔,U+C5D4,0xE4CF,蔆,9163,0x712FC
1413,엘,U+C5D8,0xE4D1,葭,9165,0x71370
1414,엠,U+C5E0,0xE4D2,萪,9166,0x713AC
1415,엡,U+C5E1,0xE4D3,萼,9167,0x713E8
1416,엣,U+C5E3,0xE4D5,蒄,9169,0x7145C
1417,엥,U+C5E5,0xE4D8,蒭,9172,0x71508
1418,여,U+C5EC,0xE4D9,葮,9173,0x71544
1419,역,U+C5ED,0xE4DA,蒂,9174,0x71580
1420,엮,U+C5EE,0xE4DB,葩,9175,0x715BC
1421,연,U+C5F0,0xE4DE,葯,9178,0x71668
1422,열,U+C5F4,0xE4E1,蓊,9181,0x71714
1423,엶,U+C5F6,0xE4E2,葢,9182,0x71750
1424,엷,U+C5F7,0xE4E4,蒿,9184,0x717C4
1425,염,U+C5FC,0xE4E5,蒟,9185,0x71800
1426,엽,U+C5FD,0xE4E6,蓙,9186,0x7183C
1427,엾,U+C5FE,0xE4E9,蓚,9189,0x718E8
1428,엿,U+C5FF,0xE4EB,蓁,9191,0x7195C
1429,였,U+C600,0xE4EC,蓆,9192,0x71998
1430,영,U+C601,0xE4ED,蓖,9193,0x719D4
1431,옅,U+C605,0xE4F0,蓿,9196,0x71A80
1432,옆,U+C606,0xE4F1,蓴,9197,0x71ABC
1433,옇,U+C607,0xE4F2,蔗,9198,0x71AF8
1434,예,U+C608,0xE4F3,蔘,9199,0x71B34
1435,옌,U+C60C,0xE4F4,蔬,9200,0x71B70
1436,옐,U+C610,0xE4F6,蔕,9202,0x71BE4
1437,옘,U+C618,0xE4F7,蔔,9203,0x71C20
1438,옙,U+C619,0xE4FA,蕣,9206,0x71CCC
1439,옛,U+C61B,0xE4FB,蕘,9207,0x71D08
1440,옜,U+C61C,0xE542,蕋,9278,0x72320
1441,오,U+C624,0xE544,薀,9280,0x72394
1442,옥,U+C625,0xE547,薑,9283,0x72440
1443,온,U+C628,0xE548,薊,9284,0x7247C
1444,올,U+C62C,0xE54B,薔,9287,0x72528
1445,옭,U+C62D,0xE54C,薛,9288,0x72564
1446,옮,U+C62E,0xE54D,藪,9289,0x725A0
1447,옰,U+C630,0xE54E,薇,9290,0x725DC
1448,옳,U+C633,0xE54F,薜,9291,0x72618
1449,옴,U+C634,0xE551,蕾,9293,0x7268C
1450,옵,U+C635,0xE552,薐,9294,0x726C8
1451,옷,U+C637,0xE555,藏,9297,0x72774
1452,옹,U+C639,0xE556,薹,9298,0x727B0
1453,옻,U+C63B,0xE557,藐,9299,0x727EC
1454,와,U+C640,0xE559,藝,9301,0x72860
1455,왁,U+C641,0xE55D,蘊,9305,0x72944
1456,완,U+C644,0xE55E,蘓,9306,0x72980
1457,왈,U+C648,0xE560,藾,9308,0x729F4
1458,왐,U+C650,0xE561,藺,9309,0x72A30
1459,왑,U+C651,0xE562,蘆,9310,0x72A6C
1460,왓,U+C653,0xE564,蘚,9312,0x72AE0
1461,왔,U+C654,0xE565,蘰,9313,0x72B1C
1462,왕,U+C655,0xE567,虍,9315,0x72B90
1463,왜,U+C65C,0xE568,乕,9316,0x72BCC
1464,왝,U+C65D,0xE56A,號,9318,0x72C40
1465,왠,U+C660,0xE56B,虧,9319,0x72C7C
1466,왬,U+C66C,0xE56C,虱,9320,0x72CB8
1467,왯,U+C66F,0xE56E,蚣,9322,0x72D2C
1468,왱,U+C671,0xE570,蚪,9324,0x72DA0
1469,외,U+C678,0xE572,蚌,9326,0x72E14
1470,왹,U+C679,0xE573,蚶,9327,0x72E50
1471,왼,U+C67C,0xE574,蚯,9328,0x72E8C
1472,욀,U+C680,0xE575,蛄,9329,0x72EC8
1473,욈,U+C688,0xE576,蛆,9330,0x72F04
1474,욉,U+C689,0xE579,蠣,9333,0x72FB0
1475,욋,U+C68B,0xE57A,蚫,9334,0x72FEC
1476,욍,U+C68D,0xE57C,蛞,9336,0x73060
1477,요,U+C694,0xE57D,蛩,9337,0x7309C
1478,욕,U+C695,0xE57E,蛬,9338,0x730D8
1479,욘,U+C698,0xE580,蛟,9340,0x73128
1480,욜,U+C69C,0xE581,蛛,9341,0x73164
1481,욤,U+C6A4,0xE582,蛯,9342,0x731A0
1482,욥,U+C6A5,0xE584,蜆,9344,0x73214
1483,욧,U+C6A7,0xE585,蜈,9345,0x73250
1484,용,U+C6A9,0xE588,蛻,9348,0x732FC
1485,우,U+C6B0,0xE589,蜑,9349,0x73338
1486,욱,U+C6B1,0xE58A,蜉,9350,0x73374
1487,운,U+C6B4,0xE58F,蜿,9355,0x73490
1488,울,U+C6B8,0xE591,蜻,9357,0x73504
1489,욹,U+C6B9,0xE592,蜥,9358,0x73540
1490,욺,U+C6BA,0xE594,蜚,9360,0x735B4
1491,움,U+C6C0,0xE598,蝌,9364,0x73698
1492,웁,U+C6C1,0xE59B,蝗,9367,0x73744
1493,웃,U+C6C3,0xE59C,蝨,9368,0x73780
1494,웅,U+C6C5,0xE59E,蝙,9370,0x737F4
1495,워,U+C6CC,0xE5A0,蝣,9372,0x73868
1496,웍,U+C6CD,0xE5A1,蝪,9373,0x738A4
1497,원,U+C6D0,0xE5A2,蠅,9374,0x738E0
1498,월,U+C6D4,0xE5A3,螢,9375,0x7391C
1499,웜,U+C6DC,0xE5A4,螟,9376,0x73958
1500,웝,U+C6DD,0xE5A6,螯,9378,0x739CC
1501,웠,U+C6E0,0xE5A7,蟋,9379,0x73A08
1502,웡,U+C6E1,0xE5A8,螽,9380,0x73A44
1503,웨,U+C6E8,0xE5A9,蟀,9381,0x73A80
1504,웩,U+C6E9,0xE5AA,蟐,9382,0x73ABC
1505,웬,U+C6EC,0xE5AB,雖,9383,0x73AF8
1506,웰,U+C6F0,0xE5AC,螫,9384,0x73B34
1507,웸,U+C6F8,0xE5AD,蟄,9385,0x73B70
1508,웹,U+C6F9,0xE5AE,螳,9386,0x73BAC
1509,웽,U+C6FD,0xE5B1,螻,9389,0x73C58
1510,위,U+C704,0xE5B2,蟯,9390,0x73C94
1511,윅,U+C705,0xE5B3,蟲,9391,0x73CD0
1512,윈,U+C708,0xE5B4,蟠,9392,0x73D0C
1513,윌,U+C70C,0xE5B5,蠏,9393,0x73D48
1514,윔,U+C714,0xE5B6,蠍,9394,0x73D84
1515,윕,U+C715,0xE5B7,蟾,9395,0x73DC0
1516,윗,U+C717,0xE5B8,蟶,9396,0x73DFC
1517,윙,U+C719,0xE5B9,蟷,9397,0x73E38
1518,유,U+C720,0xE5BC,蠑,9400,0x73EE4
1519,육,U+C721,0xE5BD,蠖,9401,0x73F20
1520,윤,U+C724,0xE5BE,蠕,9402,0x73F5C
1521,율,U+C728,0xE5BF,蠢,9403,0x73F98
1522,윰,U+C730,0xE5C0,蠡,9404,0x73FD4
1523,윱,U+C731,0xE5C1,蠱,9405,0x74010
1524,윳,U+C733,0xE5C2,蠶,9406,0x7404C
1525,융,U+C735,0xE5C5,蠻,9409,0x740F8
1526,윷,U+C737,0xE5C6,衄,9410,0x74134
1527,으,U+C73C,0xE5C7,衂,9411,0x74170
1528,윽,U+C73D,0xE5C8,衒,9412,0x741AC
1529,은,U+C740,0xE5C9,衙,9413,0x741E8
1530,을,U+C744,0xE5CA,衞,9414,0x74224
1531,읊,U+C74A,0xE5CB,衢,9415,0x74260
1532,음,U+C74C,0xE5CF,袞,9419,0x74344
1533,읍,U+C74D,0xE5D1,衽,9421,0x743B8
1534,읏,U+C74F,0xE5D2,袵,9422,0x743F4
1535,응,U+C751,0xE5D6,袒,9426,0x744D8
1536,읒,U+C752,0xE5D7,袮,9427,0x74514
1537,읓,U+C753,0xE5D9,袢,9429,0x74588
1538,읔,U+C754,0xE5DA,袍,9430,0x745C4
1539,읕,U+C755,0xE5DB,袤,9431,0x74600
1540,읖,U+C756,0xE5DD,袿,9433,0x74674
1541,읗,U+C757,0xE5DF,裃,9435,0x746E8
1542,의,U+C758,0xE5E0,裄,9436,0x74724
1543,읜,U+C75C,0xE5E3,裙,9439,0x747D0
1544,읠,U+C760,0xE5E4,裝,9440,0x7480C
1545,읨,U+C768,0xE5E6,褂,9442,0x74880
1546,읫,U+C76B,0xE5E9,裨,9445,0x7492C
1547,이,U+C774,0xE5EA,裲,9446,0x74968
1548,익,U+C775,0xE5EB,褄,9447,0x749A4
1549,인,U+C778,0xE5EC,褌,9448,0x749E0
1550,일,U+C77C,0xE5ED,褊,9449,0x74A1C
1551,읽,U+C77D,0xE5EE,褓,9450,0x74A58
1552,읾,U+C77E,0xE5EF,襃,9451,0x74A94
1553,잃,U+C783,0xE5F0,褞,9452,0x74AD0
1554,임,U+C784,0xE5F1,褥,9453,0x74B0C
1555,입,U+C785,0xE5F2,褪,9454,0x74B48
1556,잇,U+C787,0xE5F3,褫,9455,0x74B84
1557,있,U+C788,0xE5F4,襁,9456,0x74BC0
1558,잉,U+C789,0xE5F6,褻,9458,0x74C34
1559,잊,U+C78A,0xE5F8,褸,9460,0x74CA8
1560,잎,U+C78E,0xE5F9,襌,9461,0x74CE4
1561,자,U+C790,0xE5FA,褝,9462,0x74D20
1562,작,U+C791,0xE640,襦,9532,0x75300
1563,잔,U+C794,0xE641,襤,9533,0x7533C
1564,잖,U+C796,0xE642,襭,9534,0x75378
1565,잗,U+C797,0xE643,襪,9535,0x753B4
1566,잘,U+C798,0xE644,襯,9536,0x753F0
1567,잚,U+C79A,0xE647,襾,9539,0x7549C
1568,잠,U+C7A0,0xE648,覃,9540,0x754D8
1569,잡,U+C7A1,0xE649,覈,9541,0x75514
1570,잣,U+C7A3,0xE64A,覊,9542,0x75550
1571,잤,U+C7A4,0xE64B,覓,9543,0x7558C
1572,장,U+C7A5,0xE64C,覘,9544,0x755C8
1573,잦,U+C7A6,0xE64D,覡,9545,0x75604
1574,재,U+C7AC,0xE64E,覩,9546,0x75640
1575,잭,U+C7AD,0xE64F,覦,9547,0x7567C
1576,잰,U+C7B0,0xE650,覬,9548,0x756B8
1577,잴,U+C7B4,0xE651,覯,9549,0x756F4
1578,잼,U+C7BC,0xE652,覲,9550,0x75730
1579,잽,U+C7BD,0xE653,覺,9551,0x7576C
1580,잿,U+C7BF,0xE654,覽,9552,0x757A8
1581,쟀,U+C7C0,0xE655,覿,9553,0x757E4
1582,쟁,U+C7C1,0xE656,觀,9554,0x75820
1583,쟈,U+C7C8,0xE657,觚,9555,0x7585C
1584,쟉,U+C7C9,0xE659,觝,9557,0x758D0
1585,쟌,U+C7CC,0xE65A,觧,9558,0x7590C
1586,쟎,U+C7CE,0xE65B,觴,9559,0x75948
1587,쟐,U+C7D0,0xE65D,訃,9561,0x759BC
1588,쟘,U+C7D8,0xE65E,訖,9562,0x759F8
1589,쟝,U+C7DD,0xE65F,訐,9563,0x75A34
1590,쟤,U+C7E4,0xE660,訌,9564,0x75A70
1591,쟨,U+C7E8,0xE661,訛,9565,0x75AAC
1592,쟬,U+C7EC,0xE662,訝,9566,0x75AE8
1593,저,U+C800,0xE664,訶,9568,0x75B5C
1594,적,U+C801,0xE665,詁,9569,0x75B98
1595,전,U+C804,0xE666,詛,9570,0x75BD4
1596,절,U+C808,0xE668,詆,9572,0x75C48
1597,젊,U+C80A,0xE669,詈,9573,0x75C84
1598,점,U+C810,0xE66A,詼,9574,0x75CC0
1599,접,U+C811,0xE66B,詭,9575,0x75CFC
1600,젓,U+C813,0xE66C,詬,9576,0x75D38
1601,정,U+C815,0xE66E,誅,9578,0x75DAC
1602,젖,U+C816,0xE66F,誂,9579,0x75DE8
1603,제,U+C81C,0xE670,誄,9580,0x75E24
1604,젝,U+C81D,0xE671,誨,9581,0x75E60
1605,젠,U+C820,0xE672,誡,9582,0x75E9C
1606,젤,U+C824,0xE673,誑,9583,0x75ED8
1607,젬,U+C82C,0xE674,誥,9584,0x75F14
1608,젭,U+C82D,0xE677,誣,9587,0x75FC0
1609,젯,U+C82F,0xE678,諄,9588,0x75FFC
1610,젱,U+C831,0xE679,諍,9589,0x76038
1611,져,U+C838,0xE67B,諚,9591,0x760AC
1612,젼,U+C83C,0xE67D,諳,9593,0x76120
1613,졀,U+C840,0xE67E,諧,9594,0x7615C
1614,졈,U+C848,0xE680,諤,9596,0x761AC
1615,졉,U+C849,0xE681,諱,9597,0x761E8
1616,졌,U+C84C,0xE682,謔,9598,0x76224
1617,졍,U+C84D,0xE683,諠,9599,0x76260
1618,졔,U+C854,0xE684,諢,9600,0x7629C
1619,조,U+C870,0xE685,諷,9601,0x762D8
1620,족,U+C871,0xE686,諞,9602,0x76314
1621,존,U+C874,0xE688,謌,9604,0x76388
1622,졸,U+C878,0xE689,謇,9605,0x763C4
1623,졺,U+C87A,0xE68A,謚,9606,0x76400
1624,좀,U+C880,0xE68B,諡,9607,0x7643C
1625,좁,U+C881,0xE68C,謖,9608,0x76478
1626,좃,U+C883,0xE68D,謐,9609,0x764B4
1627,종,U+C885,0xE68E,謗,9610,0x764F0
1628,좆,U+C886,0xE68F,謠,9611,0x7652C
1629,좇,U+C887,0xE690,謳,9612,0x76568
1630,좋,U+C88B,0xE692,謦,9614,0x765DC
1631,좌,U+C88C,0xE693,謫,9615,0x76618
1632,좍,U+C88D,0xE694,謾,9616,0x76654
1633,좔,U+C894,0xE696,譁,9618,0x766C8
1634,좝,U+C89D,0xE698,譏,9620,0x7673C
1635,좟,U+C89F,0xE699,譎,9621,0x76778
1636,좡,U+C8A1,0xE69B,譖,9623,0x767EC
1637,좨,U+C8A8,0xE69C,譛,9624,0x76828
1638,좼,U+C8BC,0xE69D,譚,9625,0x76864
1639,좽,U+C8BD,0xE6A0,譬,9628,0x76910
1640,죄,U+C8C4,0xE6A1,譯,9629,0x7694C
1641,죈,U+C8C8,0xE6A2,譴,9630,0x76988
1642,죌,U+C8CC,0xE6A4,讀,9632,0x769FC
1643,죔,U+C8D4,0xE6A5,讌,9633,0x76A38
1644,죕,U+C8D5,0xE6A6,讎,9634,0x76A74
1645,죗,U+C8D7,0xE6A8,讓,9636,0x76AE8
1646,죙,U+C8D9,0xE6A9,讖,9637,0x76B24
1647,죠,U+C8E0,0xE6AA,讙,9638,0x76B60
1648,죡,U+C8E1,0xE6AB,讚,9639,0x76B9C
1649,죤,U+C8E4,0xE6AC,谺,9640,0x76BD8
1650,죵,U+C8F5,0xE6AE,谿,9642,0x76C4C
1651,주,U+C8FC,0xE6AF,豈,9643,0x76C88
1652,죽,U+C8FD,0xE6B0,豌,9644,0x76CC4
1653,준,U+C900,0xE6B1,豎,9645,0x76D00
1654,줄,U+C904,0xE6B2,豐,9646,0x76D3C
1655,줅,U+C905,0xE6B5,豬,9649,0x76DE8
1656,줆,U+C906,0xE6B7,豺,9651,0x76E54
1657,줌,U+C90C,0xE6B8,貂,9652,0x76E90
1658,줍,U+C90D,0xE6B9,貉,9653,0x76ECC
1659,줏,U+C90F,0xE6BA,貅,9654,0x76F08
1660,중,U+C911,0xE6BB,貊,9655,0x76F44
1661,줘,U+C918,0xE6BC,貍,9656,0x76F80
1662,줬,U+C92C,0xE6BD,貎,9657,0x76FBC
1663,줴,U+C934,0xE6BE,貔,9658,0x76FF8
1664,쥐,U+C950,0xE6BF,豼,9659,0x77034
1665,쥑,U+C951,0xE6C1,戝,9661,0x770A8
1666,쥔,U+C954,0xE6C6,貳,9666,0x771C4
1667,쥘,U+C958,0xE6C7,貮,9667,0x77200
1668,쥠,U+C960,0xE6CA,賁,9670,0x772AC
1669,쥡,U+C961,0xE6CB,賤,9671,0x772E8
1670,쥣,U+C963,0xE6CF,賺,9675,0x773CC
1671,쥬,U+C96C,0xE6D0,賻,9676,0x77408
1672,쥰,U+C970,0xE6D1,贄,9677,0x77444
1673,쥴,U+C974,0xE6D3,贊,9679,0x774B8
1674,쥼,U+C97C,0xE6D5,贏,9681,0x7752C
1675,즈,U+C988,0xE6D7,贐,9683,0x775A0
1676,즉,U+C989,0xE6D9,贓,9685,0x77614
1677,즌,U+C98C,0xE6DA,賍,9686,0x77650
1678,즐,U+C990,0xE6DC,贖,9688,0x776C4
1679,즘,U+C998,0xE6DE,赭,9690,0x77738
1680,즙,U+C999,0xE6DF,赱,9691,0x77774
1681,즛,U+C99B,0xE6E0,赳,9692,0x777B0
1682,증,U+C99D,0xE6E1,趁,9693,0x777EC
1683,지,U+C9C0,0xE6E2,趙,9694,0x77828
1684,직,U+C9C1,0xE6E4,趾,9696,0x7789C
1685,진,U+C9C4,0xE6E7,跚,9699,0x77948
1686,짇,U+C9C7,0xE6E8,跖,9700,0x77984
1687,질,U+C9C8,0xE6E9,跌,9701,0x779C0
1688,짊,U+C9CA,0xE6EA,跛,9702,0x779FC
1689,짐,U+C9D0,0xE6EC,跪,9704,0x77A70
1690,집,U+C9D1,0xE6ED,跫,9705,0x77AAC
1691,짓,U+C9D3,0xE6EF,跣,9707,0x77B20
1692,징,U+C9D5,0xE6F1,踈,9709,0x77B94
1693,짖,U+C9D6,0xE6F3,跿,9711,0x77C08
1694,짙,U+C9D9,0xE6F5,踞,9713,0x77C7C
1695,짚,U+C9DA,0xE6F6,踐,9714,0x77CB8
1696,짜,U+C9DC,0xE6F8,蹂,9716,0x77D2C
1697,짝,U+C9DD,0xE6F9,踵,9717,0x77D68
1698,짠,U+C9E0,0xE6FA,踰,9718,0x77DA4
1699,짢,U+C9E2,0xE741,蹉,9789,0x783BC
1700,짤,U+C9E4,0xE742,蹌,9790,0x783F8
1701,짧,U+C9E7,0xE745,蹙,9793,0x784A4
1702,짬,U+C9EC,0xE746,蹤,9794,0x784E0
1703,짭,U+C9ED,0xE747,蹠,9795,0x7851C
1704,짯,U+C9EF,0xE749,蹣,9797,0x78590
1705,짰,U+C9F0,0xE74A,蹕,9798,0x785CC
1706,짱,U+C9F1,0xE74B,蹶,9799,0x78608
1707,째,U+C9F8,0xE74C,蹲,9800,0x78644
1708,짹,U+C9F9,0xE74F,躇,9803,0x786F0
1709,짼,U+C9FC,0xE751,躄,9805,0x78764
1710,쨀,U+CA00,0xE752,躋,9806,0x787A0
1711,쨈,U+CA08,0xE753,躊,9807,0x787DC
1712,쨉,U+CA09,0xE754,躓,9808,0x78818
1713,쨋,U+CA0B,0xE755,躑,9809,0x78854
1714,쨌,U+CA0C,0xE756,躔,9810,0x78890
1715,쨍,U+CA0D,0xE758,躪,9812,0x78904
1716,쨔,U+CA14,0xE759,躡,9813,0x78940
1717,쨘,U+CA18,0xE75C,軆,9816,0x789EC
1718,쨩,U+CA29,0xE75F,軅,9819,0x78A98
1719,쩌,U+CA4C,0xE760,軈,9820,0x78AD4
1720,쩍,U+CA4D,0xE761,軋,9821,0x78B10
1721,쩐,U+CA50,0xE762,軛,9822,0x78B4C
1722,쩔,U+CA54,0xE765,軻,9825,0x78BF8
1723,쩜,U+CA5C,0xE767,軾,9827,0x78C6C
1724,쩝,U+CA5D,0xE768,輊,9828,0x78CA8
1725,쩟,U+CA5F,0xE76A,輕,9830,0x78D1C
1726,쩠,U+CA60,0xE76B,輒,9831,0x78D58
1727,쩡,U+CA61,0xE76C,輙,9832,0x78D94
1728,쩨,U+CA68,0xE76D,輓,9833,0x78DD0
1729,쩽,U+CA7D,0xE770,輛,9836,0x78E7C
1730,쪄,U+CA84,0xE771,輌,9837,0x78EB8
1731,쪘,U+CA98,0xE772,輦,9838,0x78EF4
1732,쪼,U+CABC,0xE773,輳,9839,0x78F30
1733,쪽,U+CABD,0xE776,轅,9842,0x78FDC
1734,쫀,U+CAC0,0xE777,轂,9843,0x79018
1735,쫄,U+CAC4,0xE778,輾,9844,0x79054
1736,쫌,U+CACC,0xE779,轌,9845,0x79090
1737,쫍,U+CACD,0xE77A,轉,9846,0x790CC
1738,쫏,U+CACF,0xE77B,轆,9847,0x79108
1739,쫑,U+CAD1,0xE77D,轗,9849,0x7917C
1740,쫓,U+CAD3,0xE77E,轜,9850,0x791B8
1741,쫘,U+CAD8,0xE780,轢,9852,0x79208
1742,쫙,U+CAD9,0xE781,轣,9853,0x79244
1743,쫠,U+CAE0,0xE782,轤,9854,0x79280
1744,쫬,U+CAEC,0xE784,辟,9856,0x792F4
1745,쫴,U+CAF4,0xE785,辣,9857,0x79330
1746,쬈,U+CB08,0xE786,辭,9858,0x7936C
1747,쬐,U+CB10,0xE787,辯,9859,0x793A8
1748,쬔,U+CB14,0xE788,辷,9860,0x793E4
1749,쬘,U+CB18,0xE789,迚,9861,0x79420
1750,쬠,U+CB20,0xE78A,迥,9862,0x7945C
1751,쬡,U+CB21,0xE78B,迢,9863,0x79498
1752,쭁,U+CB41,0xE78C,迪,9864,0x794D4
1753,쭈,U+CB48,0xE78D,迯,9865,0x79510
1754,쭉,U+CB49,0xE78E,邇,9866,0x7954C
1755,쭌,U+CB4C,0xE78F,迴,9867,0x79588
1756,쭐,U+CB50,0xE790,逅,9868,0x795C4
1757,쭘,U+CB58,0xE791,迹,9869,0x79600
1758,쭙,U+CB59,0xE792,迺,9870,0x7963C
1759,쭝,U+CB5D,0xE793,逑,9871,0x79678
1760,쭤,U+CB64,0xE794,逕,9872,0x796B4
1761,쭸,U+CB78,0xE795,逡,9873,0x796F0
1762,쭹,U+CB79,0xE796,逍,9874,0x7972C
1763,쮜,U+CB9C,0xE797,逞,9875,0x79768
1764,쮸,U+CBB8,0xE798,逖,9876,0x797A4
1765,쯔,U+CBD4,0xE799,逋,9877,0x797E0
1766,쯤,U+CBE4,0xE79A,逧,9878,0x7981C
1767,쯧,U+CBE7,0xE79D,逹,9881,0x798C8
1768,쯩,U+CBE9,0xE79E,迸,9882,0x79904
1769,찌,U+CC0C,0xE79F,遏,9883,0x79940
1770,찍,U+CC0D,0xE7A0,遐,9884,0x7997C
1771,찐,U+CC10,0xE7A1,遑,9885,0x799B8
1772,찔,U+CC14,0xE7A3,逎,9887,0x79A2C
1773,찜,U+CC1C,0xE7A4,遉,9888,0x79A68
1774,찝,U+CC1D,0xE7A5,逾,9889,0x79AA4
1775,찡,U+CC21,0xE7A6,遖,9890,0x79AE0
1776,찢,U+CC22,0xE7A9,遨,9893,0x79B8C
1777,찧,U+CC27,0xE7AA,遯,9894,0x79BC8
1778,차,U+CC28,0xE7AB,遶,9895,0x79C04
1779,착,U+CC29,0xE7AC,隨,9896,0x79C40
1780,찬,U+CC2C,0xE7AD,遲,9897,0x79C7C
1781,찮,U+CC2E,0xE7AE,邂,9898,0x79CB8
1782,찰,U+CC30,0xE7AF,遽,9899,0x79CF4
1783,참,U+CC38,0xE7B3,邉,9903,0x79DD8
1784,찹,U+CC39,0xE7B4,邏,9904,0x79E14
1785,찻,U+CC3B,0xE7B5,邨,9905,0x79E50
1786,찼,U+CC3C,0xE7B7,邱,9907,0x79EC4
1787,창,U+CC3D,0xE7B9,郢,9909,0x79F38
1788,찾,U+CC3E,0xE7BA,郤,9910,0x79F74
1789,채,U+CC44,0xE7BB,扈,9911,0x79FB0
1790,책,U+CC45,0xE7BC,郛,9912,0x79FEC
1791,챈,U+CC48,0xE7BD,鄂,9913,0x7A028
1792,챌,U+CC4C,0xE7BE,鄒,9914,0x7A064
1793,챔,U+CC54,0xE7C0,鄲,9916,0x7A0D8
1794,챕,U+CC55,0xE7C1,鄰,9917,0x7A114
1795,챗,U+CC57,0xE7C2,酊,9918,0x7A150
1796,챘,U+CC58,0xE7C3,酖,9919,0x7A18C
1797,챙,U+CC59,0xE7C4,酘,9920,0x7A1C8
1798,챠,U+CC60,0xE7C5,酣,9921,0x7A204
1799,챤,U+CC64,0xE7C6,酥,9922,0x7A240
1800,챦,U+CC66,0xE7C8,酳,9924,0x7A2B4
1801,챨,U+CC68,0xE7C9,酲,9925,0x7A2F0
1802,챰,U+CC70,0xE7CA,醋,9926,0x7A32C
1803,챵,U+CC75,0xE7CB,醉,9927,0x7A368
1804,처,U+CC98,0xE7CC,醂,9928,0x7A3A4
1805,척,U+CC99,0xE7CD,醢,9929,0x7A3E0
1806,천,U+CC9C,0xE7CF,醯,9931,0x7A454
1807,철,U+CCA0,0xE7D2,醴,9934,0x7A500
1808,첨,U+CCA8,0xE7D3,醺,9935,0x7A53C
1809,첩,U+CCA9,0xE7D4,釀,9936,0x7A578
1810,첫,U+CCAB,0xE7D5,釁,9937,0x7A5B4
1811,첬,U+CCAC,0xE7D7,釋,9939,0x7A628
1812,청,U+CCAD,0xE7DA,釟,9942,0x7A6D4
1813,체,U+CCB4,0xE7DB,釡,9943,0x7A710
1814,첵,U+CCB5,0xE7DD,釼,9945,0x7A784
1815,첸,U+CCB8,0xE7DF,釶,9947,0x7A7F8
1816,첼,U+CCBC,0xE7E1,釿,9949,0x7A86C
1817,쳄,U+CCC4,0xE7E3,鈬,9951,0x7A8E0
1818,쳅,U+CCC5,0xE7E4,鈕,9952,0x7A91C
1819,쳇,U+CCC7,0xE7E5,鈑,9953,0x7A958
1820,쳉,U+CCC9,0xE7E6,鉞,9954,0x7A994
1821,쳐,U+CCD0,0xE7E7,鉗,9955,0x7A9D0
1822,쳔,U+CCD4,0xE7E8,鉅,9956,0x7AA0C
1823,쳤,U+CCE4,0xE7E9,鉉,9957,0x7AA48
1824,쳬,U+CCEC,0xE7EB,鉈,9959,0x7AABC
1825,쳰,U+CCF0,0xE7EC,銕,9960,0x7AAF8
1826,촁,U+CD01,0xE7EE,鉋,9962,0x7AB6C
1827,초,U+CD08,0xE7EF,鉐,9963,0x7ABA8
1828,촉,U+CD09,0xE7F0,銜,9964,0x7ABE4
1829,촌,U+CD0C,0xE7F3,銛,9967,0x7AC90
1830,촐,U+CD10,0xE7F8,鋩,9972,0x7ADAC
1831,촘,U+CD18,0xE7F9,錏,9973,0x7ADE8
1832,촙,U+CD19,0xE7FA,鋺,9974,0x7AE24
1833,촛,U+CD1B,0xE7FB,鍄,9975,0x7AE60
1834,총,U+CD1D,0xE841,錢,10045,0x7B440
1835,촤,U+CD24,0xE842,錚,10046,0x7B47C
1836,촨,U+CD28,0xE844,錺,10048,0x7B4F0
1837,촬,U+CD2C,0xE845,錵,10049,0x7B52C
1838,촹,U+CD39,0xE846,錻,10050,0x7B568
1839,최,U+CD5C,0xE848,鍠,10052,0x7B5DC
1840,쵠,U+CD60,0xE849,鍼,10053,0x7B618
1841,쵤,U+CD64,0xE84A,鍮,10054,0x7B654
1842,쵬,U+CD6C,0xE84B,鍖,10055,0x7B690
1843,쵭,U+CD6D,0xE84C,鎰,10056,0x7B6CC
1844,쵯,U+CD6F,0xE84D,鎬,10057,0x7B708
1845,쵱,U+CD71,0xE84E,鎭,10058,0x7B744
1846,쵸,U+CD78,0xE850,鎹,10060,0x7B7B8
1847,춈,U+CD88,0xE851,鏖,10061,0x7B7F4
1848,추,U+CD94,0xE852,鏗,10062,0x7B830
1849,축,U+CD95,0xE854,鏥,10064,0x7B8A4
1850,춘,U+CD98,0xE855,鏘,10065,0x7B8E0
1851,출,U+CD9C,0xE858,鏐,10068,0x7B98C
1852,춤,U+CDA4,0xE859,鏈,10069,0x7B9C8
1853,춥,U+CDA5,0xE85A,鏤,10070,0x7BA04
1854,춧,U+CDA7,0xE85B,鐚,10071,0x7BA40
1855,충,U+CDA9,0xE85C,鐔,10072,0x7BA7C
1856,춰,U+CDB0,0xE85D,鐓,10073,0x7BAB8
1857,췄,U+CDC4,0xE85E,鐃,10074,0x7BAF4
1858,췌,U+CDCC,0xE85F,鐇,10075,0x7BB30
1859,췐,U+CDD0,0xE861,鐶,10077,0x7BBA4
1860,취,U+CDE8,0xE862,鐫,10078,0x7BBE0
1861,췬,U+CDEC,0xE863,鐵,10079,0x7BC1C
1862,췰,U+CDF0,0xE864,鐡,10080,0x7BC58
1863,췸,U+CDF8,0xE866,鑁,10082,0x7BCCC
1864,췹,U+CDF9,0xE867,鑒,10083,0x7BD08
1865,췻,U+CDFB,0xE868,鑄,10084,0x7BD44
1866,췽,U+CDFD,0xE869,鑛,10085,0x7BD80
1867,츄,U+CE04,0xE86A,鑠,10086,0x7BDBC
1868,츈,U+CE08,0xE86C,鑞,10088,0x7BE30
1869,츌,U+CE0C,0xE86D,鑪,10089,0x7BE6C
1870,츔,U+CE14,0xE86E,鈩,10090,0x7BEA8
1871,츙,U+CE19,0xE86F,鑰,10091,0x7BEE4
1872,츠,U+CE20,0xE870,鑵,10092,0x7BF20
1873,측,U+CE21,0xE871,鑷,10093,0x7BF5C
1874,츤,U+CE24,0xE872,鑽,10094,0x7BF98
1875,츨,U+CE28,0xE873,鑚,10095,0x7BFD4
1876,츰,U+CE30,0xE874,鑼,10096,0x7C010
1877,츱,U+CE31,0xE876,钁,10098,0x7C084
1878,츳,U+CE33,0xE877,鑿,10099,0x7C0C0
1879,층,U+CE35,0xE894,阡,10128,0x7C6F8
1880,치,U+CE58,0xE895,阨,10129,0x7C734
1881,칙,U+CE59,0xE896,阮,10130,0x7C770
1882,친,U+CE5C,0xE897,阯,10131,0x7C7AC
1883,칟,U+CE5F,0xE899,陌,10133,0x7C820
1884,칠,U+CE60,0xE89A,陏,10134,0x7C85C
1885,칡,U+CE61,0xE89B,陋,10135,0x7C898
1886,침,U+CE68,0xE89E,陞,10138,0x7C944
1887,칩,U+CE69,0xE8A0,陟,10140,0x7C9B8
1888,칫,U+CE6B,0xE8A1,陦,10141,0x7C9F4
1889,칭,U+CE6D,0xE8A2,陲,10142,0x7CA30
1890,카,U+CE74,0xE8A3,陬,10143,0x7CA6C
1891,칵,U+CE75,0xE8A4,隍,10144,0x7CAA8
1892,칸,U+CE78,0xE8A9,隧,10149,0x7CBC4
1893,칼,U+CE7C,0xE8AA,隱,10150,0x7CC00
1894,캄,U+CE84,0xE8AB,隲,10151,0x7CC3C
1895,캅,U+CE85,0xE8AC,隰,10152,0x7CC78
1896,캇,U+CE87,0xE8AF,隸,10155,0x7CD24
1897,캉,U+CE89,0xE8B0,隹,10156,0x7CD60
1898,캐,U+CE90,0xE8B1,雎,10157,0x7CD9C
1899,캑,U+CE91,0xE8B3,雉,10159,0x7CE10
1900,캔,U+CE94,0xE8B4,雍,10160,0x7CE4C
1901,캘,U+CE98,0xE8B5,襍,10161,0x7CE88
1902,캠,U+CEA0,0xE8B6,雜,10162,0x7CEC4
1903,캡,U+CEA1,0xE8B8,雕,10164,0x7CF38
1904,캣,U+CEA3,0xE8B9,雹,10165,0x7CF74
1905,캤,U+CEA4,0xE8BE,霎,10170,0x7D090
1906,캥,U+CEA5,0xE8C1,霖,10173,0x7D13C
1907,캬,U+CEAC,0xE8C4,霪,10176,0x7D1E8
1908,캭,U+CEAD,0xE8C5,霰,10177,0x7D224
1909,컁,U+CEC1,0xE8C6,霹,10178,0x7D260
1910,커,U+CEE4,0xE8C8,霾,10180,0x7D2D4
1911,컥,U+CEE5,0xE8CA,靆,10182,0x7D348
1912,컨,U+CEE8,0xE8CD,靉,10185,0x7D3F4
1913,컫,U+CEEB,0xE8CE,靜,10186,0x7D430
1914,컬,U+CEEC,0xE8CF,靠,10187,0x7D46C
1915,컴,U+CEF4,0xE8D0,靤,10188,0x7D4A8
1916,컵,U+CEF5,0xE8D1,靦,10189,0x7D4E4
1917,컷,U+CEF7,0xE8D2,靨,10190,0x7D520
1918,컸,U+CEF8,0xE8D5,靱,10193,0x7D5CC
1919,컹,U+CEF9,0xE8D7,鞅,10195,0x7D640
1920,케,U+CF00,0xE8D8,靼,10196,0x7D67C
1921,켁,U+CF01,0xE8D9,鞁,10197,0x7D6B8
1922,켄,U+CF04,0xE8DB,鞆,10199,0x7D72C
1923,켈,U+CF08,0xE8DC,鞋,10200,0x7D768
1924,켐,U+CF10,0xE8DD,鞏,10201,0x7D7A4
1925,켑,U+CF11,0xE8DE,鞐,10202,0x7D7E0
1926,켓,U+CF13,0xE8E1,鞦,10205,0x7D88C
1927,켕,U+CF15,0xE8E2,鞣,10206,0x7D8C8
1928,켜,U+CF1C,0xE8E3,鞳,10207,0x7D904
1929,켠,U+CF20,0xE8E4,鞴,10208,0x7D940
1930,켤,U+CF24,0xE8E5,韃,10209,0x7D97C
1931,켬,U+CF2C,0xE8E6,韆,10210,0x7D9B8
1932,켭,U+CF2D,0xE8E7,韈,10211,0x7D9F4
1933,켯,U+CF2F,0xE8E8,韋,10212,0x7DA30
1934,켰,U+CF30,0xE8EC,韲,10216,0x7DB14
1935,켱,U+CF31,0xE8ED,竟,10217,0x7DB50
1936,켸,U+CF38,0xE8F4,頡,10224,0x7DCDC
1937,코,U+CF54,0xE8F6,頽,10226,0x7DD50
1938,콕,U+CF55,0xE8F7,顆,10227,0x7DD8C
1939,콘,U+CF58,0xE8F9,顋,10229,0x7DE00
1940,콜,U+CF5C,0xE8FA,顫,10230,0x7DE3C
1941,콤,U+CF64,0xE8FB,顯,10231,0x7DE78
1942,콥,U+CF65,0xE8FC,顰,10232,0x7DEB4
1943,콧,U+CF67,0xE940,顱,10300,0x7E424
1944,콩,U+CF69,0xE941,顴,10301,0x7E460
1945,콰,U+CF70,0xE942,顳,10302,0x7E49C
1946,콱,U+CF71,0xE943,颪,10303,0x7E4D8
1947,콴,U+CF74,0xE944,颯,10304,0x7E514
1948,콸,U+CF78,0xE945,颱,10305,0x7E550
1949,쾀,U+CF80,0xE946,颶,10306,0x7E58C
1950,쾅,U+CF85,0xE947,飄,10307,0x7E5C8
1951,쾌,U+CF8C,0xE949,飆,10309,0x7E63C
1952,쾡,U+CFA1,0xE94A,飩,10310,0x7E678
1953,쾨,U+CFA8,0xE94B,飫,10311,0x7E6B4
1954,쾰,U+CFB0,0xE94C,餃,10312,0x7E6F0
1955,쿄,U+CFC4,0xE94E,餒,10314,0x7E764
1956,쿠,U+CFE0,0xE94F,餔,10315,0x7E7A0
1957,쿡,U+CFE1,0xE950,餘,10316,0x7E7DC
1958,쿤,U+CFE4,0xE952,餝,10318,0x7E850
1959,쿨,U+CFE8,0xE953,餞,10319,0x7E88C
1960,쿰,U+CFF0,0xE955,餠,10321,0x7E900
1961,쿱,U+CFF1,0xE958,餽,10324,0x7E9AC
1962,쿳,U+CFF3,0xE95A,饂,10326,0x7EA20
1963,쿵,U+CFF5,0xE95B,饉,10327,0x7EA5C
1964,쿼,U+CFFC,0xE95D,饐,10329,0x7EAD0
1965,퀀,U+D000,0xE95E,饋,10330,0x7EB0C
1966,퀄,U+D004,0xE95F,饑,10331,0x7EB48
1967,퀑,U+D011,0xE960,饒,10332,0x7EB84
1968,퀘,U+D018,0xE961,饌,10333,0x7EBC0
1969,퀭,U+D02D,0xE962,饕,10334,0x7EBFC
1970,퀴,U+D034,0xE963,馗,10335,0x7EC38
1971,퀵,U+D035,0xE964,馘,10336,0x7EC74
1972,퀸,U+D038,0xE965,馥,10337,0x7ECB0
1973,퀼,U+D03C,0xE968,馼,10340,0x7ED5C
1974,큄,U+D044,0xE96B,駝,10343,0x7EE08
1975,큅,U+D045,0xE96E,駭,10346,0x7EEB4
1976,큇,U+D047,0xE96F,駮,10347,0x7EEF0
1977,큉,U+D049,0xE972,駻,10350,0x7EF9C
1978,큐,U+D050,0xE973,駸,10351,0x7EFD8
1979,큔,U+D054,0xE974,騁,10352,0x7F014
1980,큘,U+D058,0xE975,騏,10353,0x7F050
1981,큠,U+D060,0xE976,騅,10354,0x7F08C
1982,크,U+D06C,0xE977,駢,10355,0x7F0C8
1983,큭,U+D06D,0xE978,騙,10356,0x7F104
1984,큰,U+D070,0xE97A,騷,10358,0x7F178
1985,클,U+D074,0xE97B,驅,10359,0x7F1B4
1986,큼,U+D07C,0xE97E,驃,10362,0x7F260
1987,큽,U+D07D,0xE982,驍,10366,0x7F320
1988,킁,U+D081,0xE983,驛,10367,0x7F35C
1989,키,U+D0A4,0xE986,驢,10370,0x7F408
1990,킥,U+D0A5,0xE987,驥,10371,0x7F444
1991,킨,U+D0A8,0xE988,驤,10372,0x7F480
1992,킬,U+D0AC,0xE989,驩,10373,0x7F4BC
1993,킴,U+D0B4,0xE98A,驫,10374,0x7F4F8
1994,킵,U+D0B5,0xE98B,驪,10375,0x7F534
1995,킷,U+D0B7,0xE98C,骭,10376,0x7F570
1996,킹,U+D0B9,0xE98D,骰,10377,0x7F5AC
1997,타,U+D0C0,0xE98F,髀,10379,0x7F620
1998,탁,U+D0C1,0xE990,髏,10380,0x7F65C
1999,탄,U+D0C4,0xE993,體,10383,0x7F708
2000,탈,U+D0C8,0xE994,髞,10384,0x7F744
2001,탉,U+D0C9,0xE996,髢,10386,0x7F7B8
2002,탐,U+D0D0,0xE998,髦,10388,0x7F82C
2003,탑,U+D0D1,0xE999,髯,10389,0x7F868
2004,탓,U+D0D3,0xE99D,髱,10393,0x7F94C
2005,탔,U+D0D4,0xE9A2,鬚,10398,0x7FA68
2006,탕,U+D0D5,0xE9A3,鬟,10399,0x7FAA4
2007,태,U+D0DC,0xE9A5,鬣,10401,0x7FB18
2008,택,U+D0DD,0xE9AD,鬲,10409,0x7FCDC
2009,탠,U+D0E0,0xE9AE,魄,10410,0x7FD18
2010,탤,U+D0E4,0xE9AF,魃,10411,0x7FD54
2011,탬,U+D0EC,0xE9B0,魏,10412,0x7FD90
2012,탭,U+D0ED,0xE9B1,魍,10413,0x7FDCC
2013,탯,U+D0EF,0xE9B2,魎,10414,0x7FE08
2014,탰,U+D0F0,0xE9B3,魑,10415,0x7FE44
2015,탱,U+D0F1,0xE9B4,魘,10416,0x7FE80
2016,탸,U+D0F8,0xE9B5,魴,10417,0x7FEBC
2017,턍,U+D10D,0xE9B6,鮓,10418,0x7FEF8
2018,터,U+D130,0xE9B7,鮃,10419,0x7FF34
2019,턱,U+D131,0xE9B8,鮑,10420,0x7FF70
2020,턴,U+D134,0xE9B9,鮖,10421,0x7FFAC
2021,털,U+D138,0xE9BB,鮟,10423,0x80020
2022,턺,U+D13A,0xE9BC,鮠,10424,0x8005C
2023,텀,U+D140,0xE9BE,鮴,10426,0x800D0
2024,텁,U+D141,0xE9C2,鯆,10430,0x801B4
2025,텃,U+D143,0xE9C4,鯑,10432,0x80228
2026,텄,U+D144,0xE9C7,鯢,10435,0x802D4
2027,텅,U+D145,0xE9C8,鯤,10436,0x80310
2028,테,U+D14C,0xE9CA,鯡,10438,0x80384
2029,텍,U+D14D,0xE9CC,鯲,10440,0x803F8
2030,텐,U+D150,0xE9CD,鯱,10441,0x80434
2031,텔,U+D154,0xE9CE,鯰,10442,0x80470
2032,템,U+D15C,0xE9D0,鰔,10444,0x804E4
2033,텝,U+D15D,0xE9D1,鰉,10445,0x80520
2034,텟,U+D15F,0xE9D4,鰆,10448,0x805CC
2035,텡,U+D161,0xE9D5,鰈,10449,0x80608
2036,텨,U+D168,0xE9D8,鰄,10452,0x806B4
2037,텬,U+D16C,0xE9D9,鰮,10453,0x806F0
2038,텼,U+D17C,0xE9DA,鰛,10454,0x8072C
2039,톄,U+D184,0xE9DB,鰥,10455,0x80768
2040,톈,U+D188,0xE9DC,鰤,10456,0x807A4
2041,토,U+D1A0,0xE9DF,鱇,10459,0x80850
2042,톡,U+D1A1,0xE9E1,鱆,10461,0x808C4
2043,톤,U+D1A4,0xE9E2,鰾,10462,0x80900
2044,톨,U+D1A8,0xE9E3,鱚,10463,0x8093C
2045,톰,U+D1B0,0xE9E4,鱠,10464,0x80978
2046,톱,U+D1B1,0xE9E5,鱧,10465,0x809B4
2047,톳,U+D1B3,0xE9E7,鱸,10467,0x80A28
2048,통,U+D1B5,0xE9E8,鳧,10468,0x80A64
2049,톺,U+D1BA,0xE9E9,鳬,10469,0x80AA0
2050,톼,U+D1BC,0xE9EA,鳰,10470,0x80ADC
2051,퇀,U+D1C0,0xE9EB,鴉,10471,0x80B18
2052,퇘,U+D1D8,0xE9EC,鴈,10472,0x80B54
2053,퇴,U+D1F4,0xE9ED,鳫,10473,0x80B90
2054,퇸,U+D1F8,0xE9EF,鴆,10475,0x80C04
2055,툇,U+D207,0xE9F0,鴪,10476,0x80C40
2056,툉,U+D209,0xE9F1,鴦,10477,0x80C7C
2057,툐,U+D210,0xE9F3,鴣,10479,0x80CF0
2058,투,U+D22C,0xE9F4,鴟,10480,0x80D2C
2059,툭,U+D22D,0xE9F5,鵄,10481,0x80D68
2060,툰,U+D230,0xE9F6,鴕,10482,0x80DA4
2061,툴,U+D234,0xE9F7,鴒,10483,0x80DE0
2062,툼,U+D23C,0xE9F8,鵁,10484,0x80E1C
2063,툽,U+D23D,0xE9F9,鴿,10485,0x80E58
2064,툿,U+D23F,0xE9FA,鴾,10486,0x80E94
2065,퉁,U+D241,0xE9FB,鵆,10487,0x80ED0
2066,퉈,U+D248,0xE9FC,鵈,10488,0x80F0C
2067,퉜,U+D25C,0xEA40,鵝,10556,0x8147C
2068,퉤,U+D264,0xEA41,鵞,10557,0x814B8
2069,튀,U+D280,0xEA42,鵤,10558,0x814F4
2070,튁,U+D281,0xEA43,鵑,10559,0x81530
2071,튄,U+D284,0xEA44,鵐,10560,0x8156C
2072,튈,U+D288,0xEA45,鵙,10561,0x815A8
2073,튐,U+D290,0xEA46,鵲,10562,0x815E4
2074,튑,U+D291,0xEA47,鶉,10563,0x81620
2075,튕,U+D295,0xEA48,鶇,10564,0x8165C
2076,튜,U+D29C,0xEA49,鶫,10565,0x81698
2077,튠,U+D2A0,0xEA4A,鵯,10566,0x816D4
2078,튤,U+D2A4,0xEA4B,鵺,10567,0x81710
2079,튬,U+D2AC,0xEA4C,鶚,10568,0x8174C
2080,튱,U+D2B1,0xEA4D,鶤,10569,0x81788
2081,트,U+D2B8,0xEA4E,鶩,10570,0x817C4
2082,특,U+D2B9,0xEA4F,鶲,10571,0x81800
2083,튼,U+D2BC,0xEA50,鷄,10572,0x8183C
2084,튿,U+D2BF,0xEA51,鷁,10573,0x81878
2085,틀,U+D2C0,0xEA52,鶻,10574,0x818B4
2086,틂,U+D2C2,0xEA53,鶸,10575,0x818F0
2087,틈,U+D2C8,0xEA54,鶺,10576,0x8192C
2088,틉,U+D2C9,0xEA55,鷆,10577,0x81968
2089,틋,U+D2CB,0xEA56,鷏,10578,0x819A4
2090,틔,U+D2D4,0xEA57,鷂,10579,0x819E0
2091,틘,U+D2D8,0xEA58,鷙,10580,0x81A1C
2092,틜,U+D2DC,0xEA59,鷓,10581,0x81A58
2093,틤,U+D2E4,0xEA5A,鷸,10582,0x81A94
2094,틥,U+D2E5,0xEA5B,鷦,10583,0x81AD0
2095,티,U+D2F0,0xEA5C,鷭,10584,0x81B0C
2096,틱,U+D2F1,0xEA5D,鷯,10585,0x81B48
2097,틴,U+D2F4,0xEA5E,鷽,10586,0x81B84
2098,틸,U+D2F8,0xEA5F,鸚,10587,0x81BC0
2099,팀,U+D300,0xEA60,鸛,10588,0x81BFC
2100,팁,U+D301,0xEA61,鸞,10589,0x81C38
2101,팃,U+D303,0xEA63,鹹,10591,0x81CA8
2102,팅,U+D305,0xEA64,鹽,10592,0x81CE4
2103,파,U+D30C,0xEA65,麁,10593,0x81D20
2104,팍,U+D30D,0xEA66,麈,10594,0x81D5C
2105,팎,U+D30E,0xEA67,麋,10595,0x81D98
2106,판,U+D310,0xEA68,麌,10596,0x81DD4
2107,팔,U+D314,0xEA69,麒,10597,0x81E10
2108,팖,U+D316,0xEA6B,麑,10599,0x81E84
2109,팜,U+D31C,0xEA6E,麩,10602,0x81F30
2110,팝,U+D31D,0xEA6F,麸,10603,0x81F6C
2111,팟,U+D31F,0xEA70,麪,10604,0x81FA8
2112,팠,U+D320,0xEA71,麭,10605,0x81FE4
2113,팡,U+D321,0xEA72,靡,10606,0x82020
2114,팥,U+D325,0xEA75,黏,10609,0x820CC
2115,패,U+D328,0xEA76,黐,10610,0x82108
2116,팩,U+D329,0xEA79,點,10613,0x821B4
2117,팬,U+D32C,0xEA7B,黠,10615,0x82228
2118,팰,U+D330,0xEA7C,黥,10616,0x82264
2119,팸,U+D338,0xEA7E,黯,10618,0x822D8
2120,팹,U+D339,0xEA80,黴,10620,0x82328
2121,팻,U+D33B,0xEA82,黷,10622,0x8239C
2122,팼,U+D33C,0xEA83,黹,10623,0x823D8
2123,팽,U+D33D,0xEA85,黼,10625,0x8244C
2124,퍄,U+D344,0xEA86,黽,10626,0x82488
2125,퍅,U+D345,0xEA88,鼈,10628,0x824FC
2126,퍼,U+D37C,0xEA89,皷,10629,0x82538
2127,퍽,U+D37D,0xEA8B,鼡,10631,0x825AC
2128,펀,U+D380,0xEA8C,鼬,10632,0x825E8
2129,펄,U+D384,0xEA8D,鼾,10633,0x82624
2130,펌,U+D38C,0xEA90,齔,10636,0x826D0
2131,펍,U+D38D,0xEA92,齟,10638,0x82744
2132,펏,U+D38F,0xEA93,齠,10639,0x82780
2133,펐,U+D390,0xEA97,齬,10643,0x82864
2134,펑,U+D391,0xEA98,齪,10644,0x828A0
2135,페,U+D398,0xEA99,齷,10645,0x828DC
2136,펙,U+D399,0xEA9A,齲,10646,0x82918
2137,펜,U+D39C,0xEA9B,齶,10647,0x82954
2138,펠,U+D3A0,0xEA9C,龕,10648,0x82990
2139,펨,U+D3A8,0xEA9D,龜,10649,0x829CC
2140,펩,U+D3A9,0xEA9E,龠,10650,0x82A08
2141,펫,U+D3AB,0xEA9F,堯,10651,0x82A44
2142,펭,U+D3AD,0xEAA0,槇,10652,0x82A80
2143,펴,U+D3B4,0xEAA1,遙,10653,0x82ABC
2144,편,U+D3B8,0xEAA2,瑤,10654,0x82AF8
2145,펼,U+D3BC,0xEAA3,凜,10655,0x82B34
2146,폄,U+D3C4,0xEAA4,熙,10656,0x82B70
2147,폅,U+D3C5,0xED40,纊,11324,0x85FB0
2148,폈,U+D3C8,0xED41,褜,11325,0x85FEC
2149,평,U+D3C9,0xED42,鍈,11326,0x86028
2150,폐,U+D3D0,0xED43,銈,11327,0x86064
2151,폘,U+D3D8,0xED44,蓜,11328,0x860A0
2152,폡,U+D3E1,0xED45,俉,11329,0x860DC
2153,폣,U+D3E3,0xED46,炻,11330,0x86118
2154,포,U+D3EC,0xED47,昱,11331,0x86154
2155,폭,U+D3ED,0xED48,棈,11332,0x86190
2156,폰,U+D3F0,0xED49,鋹,11333,0x861CC
2157,폴,U+D3F4,0xED4A,曻,11334,0x86208
2158,폼,U+D3FC,0xED4B,彅,11335,0x86244
2159,폽,U+D3FD,0xED4D,仡,11337,0x8628C
2160,폿,U+D3FF,0xED4E,仼,11338,0x862C8
2161,퐁,U+D401,0xED4F,伀,11339,0x86304
2162,퐈,U+D408,0xED50,伃,11340,0x86340
2163,퐝,U+D41D,0xED51,伹,11341,0x8637C
2164,푀,U+D440,0xED52,佖,11342,0x863B8
2165,푄,U+D444,0xED53,侒,11343,0x863F4
2166,표,U+D45C,0xED54,侊,11344,0x86430
2167,푠,U+D460,0xED56,侔,11346,0x864A4
2168,푤,U+D464,0xED58,偀,11348,0x86518
2169,푭,U+D46D,0xED59,倢,11349,0x86554
2170,푯,U+D46F,0xED5A,俿,11350,0x86590
2171,푸,U+D478,0xED5C,偆,11352,0x86604
2172,푹,U+D479,0xED5E,偂,11354,0x86678
2173,푼,U+D47C,0xED5F,傔,11355,0x866B4
2174,푿,U+D47F,0xED61,僘,11357,0x86728
2175,풀,U+D480,0xED62,兊,11358,0x86764
2176,풂,U+D482,0xED63,兤,11359,0x867A0
2177,품,U+D488,0xED64,冝,11360,0x867DC
2178,풉,U+D489,0xED66,凬,11362,0x86850
2179,풋,U+D48B,0xED68,劜,11364,0x868C4
2180,풍,U+D48D,0xED69,劦,11365,0x86900
2181,풔,U+D494,0xED70,厓,11372,0x86A8C
2182,풩,U+D4A9,0xED71,厲,11373,0x86AC8
2183,퓌,U+D4CC,0xED76,咩,11378,0x86BE4
2184,퓐,U+D4D0,0xED77,哿,11379,0x86C20
2185,퓔,U+D4D4,0xED78,喆,11380,0x86C5C
2186,퓜,U+D4DC,0xED79,坙,11381,0x86C98
2187,퓟,U+D4DF,0xED7A,坥,11382,0x86CD4
2188,퓨,U+D4E8,0xED7B,垬,11383,0x86D10
2189,퓬,U+D4EC,0xED7C,埈,11384,0x86D4C
2190,퓰,U+D4F0,0xED7E,﨏,11386,0x86DC0
2191,퓸,U+D4F8,0xED81,增,11389,0x86E48
2192,퓻,U+D4FB,0xED82,墲,11390,0x86E84
2193,퓽,U+D4FD,0xED87,奣,11395,0x86FA0
2194,프,U+D504,0xED88,妤,11396,0x86FDC
2195,픈,U+D508,0xED89,妺,11397,0x87018
2196,플,U+D50C,0xED8A,孖,11398,0x87054
2197,픔,U+D514,0xED8E,寬,11402,0x87138
2198,픕,U+D515,0xED90,岦,11404,0x871AC
2199,픗,U+D517,0xED92,峵,11406,0x87220
2200,피,U+D53C,0xED95,﨑,11409,0x872CC
2201,픽,U+D53D,0xED96,嵂,11410,0x87308
2202,핀,U+D540,0xED97,嵭,11411,0x87344
2203,필,U+D544,0xED99,嶹,11413,0x873B8
2204,핌,U+D54C,0xED9A,巐,11414,0x873F4
2205,핍,U+D54D,0xED9B,弡,11415,0x87430
2206,핏,U+D54F,0xED9C,弴,11416,0x8746C
2207,핑,U+D551,0xED9D,彧,11417,0x874A8
2208,하,U+D558,0xED9E,德,11418,0x874E4
2209,학,U+D559,0xED9F,忞,11419,0x87520
2210,한,U+D55C,0xEDA1,悅,11421,0x87594
2211,할,U+D560,0xEDA5,愠,11425,0x87678
2212,핥,U+D565,0xEDA6,惲,11426,0x876B4
2213,함,U+D568,0xEDA7,愑,11427,0x876F0
2214,합,U+D569,0xEDA8,愷,11428,0x8772C
2215,핫,U+D56B,0xEDA9,愰,11429,0x87768
2216,항,U+D56D,0xEDAA,憘,11430,0x877A4
2217,해,U+D574,0xEDAB,戓,11431,0x877E0
2218,핵,U+D575,0xEDAC,抦,11432,0x8781C
2219,핸,U+D578,0xEDAD,揵,11433,0x87858
2220,핼,U+D57C,0xEDB0,擎,11436,0x87904
2221,햄,U+D584,0xEDB1,敎,11437,0x87940
2222,햅,U+D585,0xEDB3,昕,11439,0x879B4
2223,햇,U+D587,0xEDB5,昉,11441,0x87A28
2224,했,U+D588,0xEDB7,昞,11443,0x87A9C
2225,행,U+D589,0xEDB9,晥,11445,0x87B10
2226,햐,U+D590,0xEDBB,晙,11447,0x87B84
2227,향,U+D5A5,0xEDBC,晴,11448,0x87BC0
2228,허,U+D5C8,0xEDBE,暙,11450,0x87C34
2229,헉,U+D5C9,0xEDC0,暲,11452,0x87CA8
2230,헌,U+D5CC,0xEDC1,暿,11453,0x87CE4
2231,헐,U+D5D0,0xEDC2,曺,11454,0x87D20
2232,헒,U+D5D2,0xEDC5,杦,11457,0x87DCC
2233,험,U+D5D8,0xEDC6,枻,11458,0x87E08
2234,헙,U+D5D9,0xEDC7,桒,11459,0x87E44
2235,헛,U+D5DB,0xEDC8,柀,11460,0x87E80
2236,헝,U+D5DD,0xEDCA,桄,11462,0x87EF4
2237,헤,U+D5E4,0xEDCB,棏,11463,0x87F30
2238,헥,U+D5E5,0xEDCC,﨓,11464,0x87F6C
2239,헨,U+D5E8,0xEDCD,楨,11465,0x87FA8
2240,헬,U+D5EC,0xEDCE,﨔,11466,0x87FE4
2241,헴,U+D5F4,0xEDD1,樰,11469,0x88090
2242,헵,U+D5F5,0xEDD2,橫,11470,0x880CC
2243,헷,U+D5F7,0xEDD6,櫢,11474,0x881B0
2244,헹,U+D5F9,0xEDD7,櫤,11475,0x881EC
2245,혀,U+D600,0xEDD8,毖,11476,0x88228
2246,혁,U+D601,0xEDD9,氿,11477,0x88264
2247,현,U+D604,0xEDDA,汜,11478,0x882A0
2248,혈,U+D608,0xEDDB,沆,11479,0x882DC
2249,혐,U+D610,0xEDDC,汯,11480,0x88318
2250,협,U+D611,0xEDDD,泚,11481,0x88354
2251,혓,U+D613,0xEDDF,涇,11483,0x883C8
2252,혔,U+D614,0xEDE0,浯,11484,0x88404
2253,형,U+D615,0xEDE1,涖,11485,0x88440
2254,혜,U+D61C,0xEDE2,涬,11486,0x8847C
2255,혠,U+D620,0xEDE4,淸,11488,0x884F0
2256,혤,U+D624,0xEDE5,淲,11489,0x8852C
2257,혭,U+D62D,0xEDE8,湜,11492,0x885D8
2258,호,U+D638,0xEDEA,渼,11494,0x8864C
2259,혹,U+D639,0xEDEB,溿,11495,0x88688
2260,혼,U+D63C,0xEDEC,澈,11496,0x886C4
2261,홀,U+D640,0xEDED,澵,11497,0x88700
2262,홅,U+D645,0xEDEE,濵,11498,0x8873C
2263,홈,U+D648,0xEDEF,瀅,11499,0x88778
2264,홉,U+D649,0xEDF0,瀇,11500,0x887B4
2265,홋,U+D64B,0xEDF3,炫,11503,0x88860
2266,홍,U+D64D,0xEDF4,焏,11504,0x8889C
2267,홑,U+D651,0xEDF5,焄,11505,0x888D8
2268,화,U+D654,0xEDF6,煜,11506,0x88914
2269,확,U+D655,0xEDF8,煇,11508,0x88988
2270,환,U+D658,0xEDF9,凞,11509,0x889C4
2271,활,U+D65C,0xEDFA,燁,11510,0x88A00
2272,홧,U+D667,0xEDFB,燾,11511,0x88A3C
2273,황,U+D669,0xEDFC,犱,11512,0x88A78
2274,홰,U+D670,0xEE41,猤,11581,0x89020
2275,홱,U+D671,0xEE42,猪,11582,0x8905C
2276,홴,U+D674,0xEE43,獷,11583,0x89098
2277,횃,U+D683,0xEE45,珉,11585,0x8910C
2278,횅,U+D685,0xEE46,珖,11586,0x89148
2279,회,U+D68C,0xEE48,珒,11588,0x891BC
2280,획,U+D68D,0xEE4A,珵,11590,0x89230
2281,횐,U+D690,0xEE4B,琦,11591,0x8926C
2282,횔,U+D694,0xEE4C,琪,11592,0x892A8
2283,횝,U+D69D,0xEE4F,瑢,11595,0x89354
2284,횟,U+D69F,0xEE50,璉,11596,0x89390
2285,횡,U+D6A1,0xEE51,璟,11597,0x893CC
2286,효,U+D6A8,0xEE52,甁,11598,0x89408
2287,횬,U+D6AC,0xEE53,畯,11599,0x89444
2288,횰,U+D6B0,0xEE54,皂,11600,0x89480
2289,횹,U+D6B9,0xEE55,皜,11601,0x894BC
2290,횻,U+D6BB,0xEE58,皦,11604,0x89568
2291,후,U+D6C4,0xEE59,益,11605,0x895A4
2292,훅,U+D6C5,0xEE5A,睆,11606,0x895E0
2293,훈,U+D6C8,0xEE5C,砡,11608,0x89654
2294,훌,U+D6CC,0xEE5F,硺,11611,0x89700
2295,훑,U+D6D1,0xEE60,礰,11612,0x8973C
2296,훔,U+D6D4,0xEE61,礼,11613,0x89778
2297,훗,U+D6D7,0xEE63,祥,11615,0x897EC
2298,훙,U+D6D9,0xEE64,禔,11616,0x89828
2299,훠,U+D6E0,0xEE66,禛,11618,0x8989C
2300,훤,U+D6E4,0xEE67,竑,11619,0x898D8
2301,훨,U+D6E8,0xEE68,竧,11620,0x89914
2302,훰,U+D6F0,0xEE69,靖,11621,0x89950
2303,훵,U+D6F5,0xEE6A,竫,11622,0x8998C
2304,훼,U+D6FC,0xEE6C,精,11624,0x89A00
2305,훽,U+D6FD,0xEE6F,綷,11627,0x89AAC
2306,휀,U+D700,0xEE70,綠,11628,0x89AE8
2307,휄,U+D704,0xEE71,緖,11629,0x89B24
2308,휑,U+D711,0xEE72,繒,11630,0x89B60
2309,휘,U+D718,0xEE73,罇,11631,0x89B9C
2310,휙,U+D719,0xEE76,茁,11634,0x89C48
2311,휜,U+D71C,0xEE7A,菶,11638,0x89D2C
2312,휠,U+D720,0xEE7C,蒴,11640,0x89DA0
2313,휨,U+D728,0xEE7D,蕓,11641,0x89DDC
2314,휩,U+D729,0xEE80,蕫,11644,0x89E64
2315,휫,U+D72B,0xEE82,薰,11646,0x89ED8
2316,휭,U+D72D,0xEE84,﨡,11648,0x89F4C
2317,휴,U+D734,0xEE85,蠇,11649,0x89F88
2318,휵,U+D735,0xEE86,裵,11650,0x89FC4
2319,휸,U+D738,0xEE89,詹,11653,0x8A070
2320,휼,U+D73C,0xEE8A,誧,11654,0x8A0AC
2321,흄,U+D744,0xEE8C,諟,11656,0x8A120
2322,흇,U+D747,0xEE8D,諸,11657,0x8A15C
2323,흉,U+D749,0xEE8E,諶,11658,0x8A198
2324,흐,U+D750,0xEE8F,譓,11659,0x8A1D4
2325,흑,U+D751,0xEE90,譿,11660,0x8A210
2326,흔,U+D754,0xEE91,賰,11661,0x8A24C
2327,흖,U+D756,0xEE94,赶,11664,0x8A2F8
2328,흗,U+D757,0xEE95,﨣,11665,0x8A334
2329,흘,U+D758,0xEE96,軏,11666,0x8A370
2330,흙,U+D759,0xEE97,﨤,11667,0x8A3AC
2331,흠,U+D760,0xEE98,逸,11668,0x8A3E8
2332,흡,U+D761,0xEE99,遧,11669,0x8A424
2333,흣,U+D763,0xEE9B,都,11671,0x8A498
2334,흥,U+D765,0xEE9C,鄕,11672,0x8A4D4
2335,흩,U+D769,0xEE9D,鄧,11673,0x8A510
2336,희,U+D76C,0xEE9E,釚,11674,0x8A54C
2337,흰,U+D770,0xEEA1,釭,11677,0x8A5F8
2338,흴,U+D774,0xEEA2,釮,11678,0x8A634
2339,흼,U+D77C,0xEEA4,釥,11680,0x8A6A8
2340,흽,U+D77D,0xEEA5,鈆,11681,0x8A6E4
2341,힁,U+D781,0xEEA7,鈊,11683,0x8A758
2342,히,U+D788,0xEEA8,鈺,11684,0x8A794
2343,힉,U+D789,0xEEAA,鈼,11686,0x8A808
2344,힌,U+D78C,0xEEAB,鉎,11687,0x8A844
2345,힐,U+D790,0xEEAC,鉙,11688,0x8A880
2346,힘,U+D798,0xEEAE,鈹,11690,0x8A8F4
2347,힙,U+D799,0xEEAF,鉧,11691,0x8A930
2348,힛,U+D79B,0xEEB0,銧,11692,0x8A96C
2349,힝,U+D79D,0xEEB1,鉷,11693,0x8A9A8
